소속지회,경로당명,우편번호,주소,비고
달성군지회,대4리,43008,대구광역시 달성군 현풍읍 국가산단대로70길 41 (국가산단 서한이다음 아파트),
수성구지회,만촌3차화성파크드림,42070,"대구광역시 수성구 교학로 13 (만촌동, 만촌3차 화성파크드림)",
수성구지회,황금힐스테이트,42179,"대구광역시 수성구 청수로 274 (황금동, 힐스테이트 황금동)",
수성구지회,롯데캐슬더퍼스트2단지,42127,"대구광역시 수성구 수성로69길 65 (수성동1가, 수성롯데캐슬더퍼스트2단지)",
수성구지회,황금태왕아너스,42108,"대구광역시 수성구 청호로 345 (황금동, 태왕아너스아파트)",
수성구지회,거성경로당,42221,대구광역시 수성구 용학로48길 25-1 거성경로당 (지산동),
남구지회,화성파크드림,42443,"대구광역시 남구 대봉로14길 30 화성파크드림경로당 (봉덕동, 봉덕화성파크드림)",
중구지회,남산역 화성파크드림,41977,"대구광역시 중구 남산로7길 7 (남산동, 남산역 화성파크드림)",
수성구지회,수성2차우방타운,42084,"대구광역시 수성구 청호로 330 수성2차우방타운 (황금동, 수성지구2차우방타운)",
달성군지회,교항7리,42969,대구광역시 달성군 옥포읍 금계길 12 (대구옥포르상트레빌),
수성구지회,아이프라임신매,42271,"대구광역시 수성구 달구벌대로649길 14 경로당 (신매동, 아이프라임신매아파트)",
달성군지회,죽곡13리,42915,대구광역시 달성군 다사읍 달구벌대로174길 50 대구광역시 달성군 다사읍 달구벌대로174길 50 (협성휴포레·죽곡),
달성군지회,가태2리,42992,대구광역시 달성군 유가읍 구례길 113 노인회관,
달성군지회,금포5리,42974,대구광역시 달성군 논공읍 금포로 75-20 (우신미가뷰 아파트),
달성군지회,쌍계4리,43016,대구광역시 달성군 유가읍 테크노순환로 423 대구광역시 달성군 유가읍 테크노순환로 423 (대구테크노폴리스중흥에스-클래스포디움),
동구지회,대구혁신제일,41064,"대구광역시 동구 이노밸리로29길 34 (각산동, 대구혁신도시 서한이다음 2차 아파트)",
동구지회,이안동대구,41213,"대구광역시 동구 송라로28길 14 (신암동, 이안동대구)",개설일자:2018.11.30 운영상태:2018.11.30
북구지회,연경천년나무1단지,41411,"대구광역시 북구 동화천로 280 (연경동, 대구연경엘에이치천년나무1단지)",
수성구지회,삼덕경로당,42250,대구광역시 수성구 범안로64길 18-11 (삼덕동),
북구지회,침산화성파크드림,41560,"대구광역시 북구 성북로 70 침산화성파크드림 경로당 (침산동, 침산화성파크드림)",
북구지회,효성해링턴플레이스,41400,"대구광역시 북구 관음로 295 효성해링턴플레이스 경로당 (읍내동, 학정역 효성해링턴 플레이스)",
북구지회,e-편한세상대구금호,41493,"대구광역시 북구 내곡로 49 이편한세상대구금호 경로당 (사수동, 이편한세상대구금호)",
북구지회,노원LH천년나무,41557,"대구광역시 북구 노원로10길 40 (노원동3가, 대구노원LH천년나무)",
달서구지회,대곡천년나무,42842,"대구광역시 달서구 갈밭로 33 (대곡동, 대구대곡Lh천년나무1단지)",
북구지회,동평,41427,대구광역시 북구 팔거천동로34길 16-10 103호 (동천동),
동구지회,동대구 반도유보라,41226,"대구광역시 동구 송라로16길 11 (신천동, 동대구반도유보라)",
북구지회,사수,41598,대구광역시 북구 한강로6길 4-7 (사수동),
달성군지회,교항6리,42974,대구광역시 달성군 옥포읍 돌미로8길 19 대구광역시 달성군 옥포읍 돌미로8길 19 (옥포 대성베르힐 6단지),
달성군지회,세천7리,42930,대구광역시 달성군 다사읍 세천남로 35 (제일풍경채 프라임),
북구지회,금호스타힐스,41493,"대구광역시 북구 내곡로 70 사수동 대구금호스타힐스 경로당 (사수동, 대구금호스타힐스엔에이치에프6단지)",
동구지회,대구혁신도시서한이다음3차,41071,"대구광역시 동구 혁신대로 443 대구혁신도시서한이다음3차 (대림동, 대구혁신도시 서한이다음 3차)",
동구지회,율하휴먼시아8단지,41099,"대구광역시 동구 안심로22길 75 율하휴먼시아8단지경로당 (율하동, 율하 휴먼시아8단지)",
중구지회,대구역센트럴자이,41915,"대구광역시 중구 서성로 99 (수창동, 대구역센트럴자이)",
남구지회,한라하우젠트경로당,42438,"대구광역시 남구 봉덕로21길 53-16 한라하우젠트경로당 (봉덕동, 한라하우젠트)",
달서구지회,수목원서한이다음,42829,"대구광역시 달서구 한실로6길 123 대곡동 (대곡동, 수목원서한이다음아파트)",
달서구지회,수목원제일풍경채,42829,"대구광역시 달서구 갈밭남로 12 수목원제일풍경채 (대곡동, 수목원제일풍경채)",
동구지회,대구혁신센텀힐즈,41072,"대구광역시 동구 혁신대로 450 (대림동, 대구혁신센텀힐즈)",
달서구지회,본리,42695,대구광역시 달서구 용산로4안길 23 (본리동),
달서구지회,협성휴포레월성,42754,"대구광역시 달서구 조암로10길 11 (월성동, 월성 협성휴포레)",
북구지회,금호서한이다음,41599,"대구광역시 북구 한강로 17 금호서한이다음 (사수동, 금호서한이다음)",
남구지회,동서프라임,42425,"대구광역시 남구 이천로19길 81 동서프라임경로당 (대명동, 교대역동서프라임36.5)",
달성군지회,봉4리,43015,대구광역시 달성군 유가읍 테크노상업로 111 대구광역시 달성군 유가읍 테크노상업로 111 (대구테크노폴리스4단지),
수성구지회,우방청솔아파트,42082,"대구광역시 수성구 청호로 422 경로당 (범어동, 우방청솔맨션)",
수성구지회,남광타운,42233,"대구광역시 수성구 파동로22길 3 파동, 남광타운 (파동, 파동남광타운)",
달성군지회,서재13리,42929,대구광역시 달성군 다사읍 서재로7길 25 대구광역시 달성군 다사읍 서재로7길 25307/2401 (에코폴리스 동화 아이위시 3차),
달성군지회,봉6리,43016,대구광역시 달성군 유가읍 테크노대로5길 79 대구광역시 달성군 유가읍 테크노대로5길 79 106/102 (대구테크노폴리스진아리채아파트),
달성군지회,천내17리,42947,대구광역시 달성군 화원읍 비슬로 2545 대구광역시 달성군 화원읍 비슬로 2545 103/902 (화원이진캐스빌),
달성군지회,죽곡12리,42919,대구광역시 달성군 다사읍 대실역남로 11 대구광역시 달성군 다사읍 대실역남로 11 504/1407 (죽곡청아람5단지),
남구지회,관문경로당,42497,대구광역시 남구 관문시장6길 7-4 (대명동),
동구지회,태왕아너스 르네상스,41156,"대구광역시 동구 동촌로 100 (검사동, 태왕아너스 르네상스)",
동구지회,율하롯데캐슬 탑클래스,41097,"대구광역시 동구 율하서로 23, 율하롯데캐슬 탑클래스",
서구지회,비산23장수,41794,대구광역시 서구 달서로34길 13-14 장수경로당 (비산동),
동구지회,대구혁신LH4단지,41063,대구광역시 동구 경안로 956 대구혁신LH4단지,
동구지회,율하역엘크루,41129,대구광역시 동구 안심로 7길7 율하역엘크루,
서구지회,쉼터,41795,대구광역시 서구 달서로34길 23-6 쉼터 경로당 (비산동),
달서구지회,용전,42632,대구광역시 달서구 와룡로43길 66-7 (용산동),
수성구지회,수성롯데캐슬더퍼스트3단지,42129,"대구광역시 수성구 수성로69길 70 3단지 경로당 (수성동1가, 수성롯데캐슬더퍼스트1단지)",
수성구지회,수성롯데캐슬더퍼스트1단지,42129,"대구광역시 수성구 수성로69길 70 경로당 (수성동1가, 수성롯데캐슬더퍼스트1단지)",
달성군지회,응암2리,43009,대구광역시 달성군 구지면 과학마을로 31 대구광역시 달성군 구지면 과학마을로 31,
남구지회,대명2동경로당,42413,대구광역시 남구 삼각지2길 20-11 (대명동),
남구지회,한마음경로당,42430,대구광역시 남구 중앙대로26길 21-1 (봉덕동),
달성군지회,매곡17리,42908,다사읍대실역북로5길46-5 .,
달성군지회,응암3리,43009,구지면과학마을로3길14 (반도유보라) 경로당,
달성군지회,중11리,42995,현풍면테크노북로2길9 경로당,
달성군지회,본리5리,42970,옥포면비슬로447길56 .,
달성군지회,교항4리,42968,옥포면비슬로2001 .,
달성군지회,봉10리,43015,유가면테크노대로5길80 경로당,
달성군지회,봉9리,43015,유가면테크노대로165 경로당,
달성군지회,응암5리,43009,구지면과학마을로70 경로당,
달성군지회,중7리,42995,현풍면테크노북로4길11 .,
달성군지회,봉2리,43014,유가면테크노북로165 경로당,
달성군지회,서재12리,42928,다사읍서재로7길23 .,
달성군지회,세천2리,42923,다사읍세천로187 경로당,
달성군지회,창1리,43010,구지면창리로59 .,
달성군지회,세천3리,42923,다사읍세천로160 북죽곡엠코,
달성군지회,중10리,42995,현풍면테크노상업로49 경로당,
달성군지회,교항5리,42969,옥포면돌미로70 .,
달성군지회,죽곡11리,42918,다사읍대실역남로50 .,
달성군지회,봉13리,43015,유가면테크노대로195 .,
달성군지회,중9리,42995,현풍면테크노북로2길30 .,
달성군지회,봉11리,43015,유가읍테크노대로5길58 경로당,
달성군지회,봉8리,43019,대구광역시 달성군 유가읍 테크노북로9길 16 (우미린더포레스트),
달성군지회,봉7리,43015,유가면테크노대로5길57 .,
달성군지회,목단2리,43012,구지면구미마을길89-2 .,
달성군지회,강림5리,42974,옥포면돌미로2길15 경로당,
달성군지회,서재11리,42928,다사읍서재로12길38 .,
달성군지회,봉12리,43015,유가면테크노북로9길42 .,
달성군지회,중8리,42995,현풍면테크노북로2길10 .,
달성군지회,봉3리,43015,유가면테크노북로164 경로당,
달성군지회,강림4리,42974,대구광역시 달성군 옥포읍 돌미로 51 (대구옥포LH천년나무2단지),
달서구지회,월배2차아이파크,42761,"대구광역시 달서구 월배로5길 76 (유천동, 대구월배2차 아이파크)",
달서구지회,감삼제3,42644,대구광역시 달서구 달구벌대로330길 31 (감삼동),
달서구지회,성서주공1단지,42613,"대구광역시 달서구 신당로 56 (신당동, 성서주공1단지아파트)",
달성군지회,화산리,43006,달성군 과학북로 25길 30-6,
달성군지회,가천리,42993,달성군 가천2길 62,
달성군지회,예현리,43013,달성군 예현 1길 11-9,
달성군지회,목단1리,43012,달성군 구지남로 57길 1,
달성군지회,유산리,43008,달성군 유산길 17,
달성군지회,오설리,43006,달성군 구지서로 60길 62-4,
달성군지회,징리,43006,달성군 구지서로 10길 62,
달성군지회,고봉리,43012,달성군 구지동로 10길 3,
달성군지회,도동2리,43006,달성군 도동절골길 5,
달성군지회,도동1리,43006,달성군 구지서로 712,
달성군지회,평촌2리,43013,달성군 구지동로 40길 38-3,
달성군지회,평촌1리,43013,달성군 구지동로 16길 85,
달성군지회,창4리,43010,달성군 시장길 34,
달성군지회,창3리,43010,달성군 창리로 19길 38,
달성군지회,창2리,43010,달성군 창리서로 6길 4-3,
달성군지회,수리3리,43006,달성군 과학북로 3길 24-6,
달성군지회,수리2리,43006,달성군 과학북로 11길 82,
달성군지회,수리1리,43006,달성군 과학북로 23길 54-3,
달성군지회,내2리,43011,대구광역시 달성군 구지면 달성2차로 6-28,
달성군지회,대암2리,43012,달성군 과학남로 24길 18,
달성군지회,대암1리,43011,달성군 과학남로 53길 5-5,
달성군지회,응암4리,43009,달성군 과학마을로 2길 6,
달성군지회,응암1리,43008,달성군 응암길 11,
달성군지회,구지면분회,43010,달성군 구지시장길 46-8,
달성군지회,초곡리,42989,달성군 유가북길 222,
달성군지회,가태리,42992,대구광역시 달성군 유가읍 가태길 54-1 대구광역시 달성군 유가읍 가태길 54-1,
달성군지회,음리,42990,달성군 음동길 79,
달성군지회,양2리,42990,달성군 유가사 1길 3-3,
달성군지회,양리,42990,달성군 휴양림2길 25-5,
달성군지회,용3리,42991,달성군 휴양림길 180-17,
달성군지회,용2리,43023,달성군 용리길 12,
달성군지회,도의3리,42993,달성군 도의길 92,
달성군지회,도의2리,42993,달성군 도의1길 6,
달성군지회,도의1리,42993,달성군 도의길 93,
달성군지회,쌍계2리,42989,달성군 테크노순환로 440,
달성군지회,쌍계1리,42989,달성군 유가북길 46-57,
달성군지회,본말2리,42992,대구광역시 달성군 유가읍 개실길 68 본말리57,
달성군지회,본말1리,42992,달성군 달창로 440,
달성군지회,한정3리,42993,달성군 비슬로 34길 12,
달성군지회,한정2리,42992,달성군 달창로 25길 40,
달성군지회,한정1리,42992,달성군 달청로 26길 115,
달성군지회,유곡2리,42993,달성군 유가길 49,
달성군지회,유곡1리,42993,달성군 유가길 53,
달성군지회,유가읍분회,42993,달성군 유가길 49,
달성군지회,하리,43003,달성군 중앙로 55-1,
달성군지회,신기리,43008,달성군 학북로 100길 120,
달성군지회,자모리,43007,대구광역시 달성군 현풍읍 현풍서로91길 46 차창근,
달성군지회,대3리,43008,달성군 대리길 19,
달성군지회,대2리,43006,달성군 삼강4길 2,
달성군지회,대1리,43006,달성군 삼강4길 1,
달성군지회,지2리,43007,달성군 지동길 128,
달성군지회,지1리,43007,달성군 지동2길 9,
달성군지회,오산2리,43007,달성군 현풍서로 71길 105,
달성군지회,오산1리,43007,달성군 현풍서로 43길 36,
달성군지회,원교4리,43022,달성군 원교길 18,
달성군지회,원교3리,43004,달성군 비슬로 120길 13,
달성군지회,원교2리,43003,달성군 비슬로 130길 30,
달성군지회,원교1리,43003,달성군 비슬로 128길 26-3,
달성군지회,성하4리,42988,달성군 비슬로 156길 40,
달성군지회,성하3리,43000,달성군 비슬로 136길 17,
달성군지회,성하2리,43001,달성군 성하1길 67-6,
달성군지회,성하1리,43001,달성군 성하1길 106-5,
달성군지회,부4리,42998,달성군 현풍동로 29길 19-11,
달성군지회,부3리,43000,달성군 중앙로 21길 33-6,
달성군지회,부2리,42998,달성군 현풍동로 27길 51,
달성군지회,부1리,42999,달성군 중앙로 16길 31,
달성군지회,중6리,42995,달성군 태크노상업로 33,
달성군지회,중4리,42996,달성군 달성군 현풍면 중리 96-2 (제일맨션101호),
달성군지회,중3리,42996,달성군 중앙로 14길 85,
달성군지회,중2리,43005,달성군 현풍동로 23,
달성군지회,중1리,43005,달성군 중앙로 14길 76,
달성군지회,상2리,42997,달성군 현풍동로 21길 9,
달성군지회,상1리,42988,달성군 현풍동로 20길 48,
달성군지회,현풍면분회,42996,달성군 현풍로 54,
달성군지회,송촌리,42973,대구광역시 달성군 옥포읍 송촌길 256 배하식,
달성군지회,신당리,42969,달성군 신당4길 27,
달성군지회,간경리,42972,달성군 간경길 7,
달성군지회,기세리,42977,달성군 옥포로 57-17,
달성군지회,강림3리,42968,달성군 비슬로 1941(허브시티 아파트),
달성군지회,강림2리,42968,달성군 시지로 33,
달성군지회,강림1리,42974,달성군 강림1길 41,
달성군지회,반송2리,42977,달성군 반송길 103,
달성군지회,반송1리,42977,달성군 용연사길 35,
달성군지회,교항3리,42969,달성군 제림길 10,
달성군지회,교항2리,42969,달성군 금계길 44,
달성군지회,교항1리,42969,달성군 다리목중앙길 20,
달성군지회,김흥3리,42977,달성군 능전길 88,
달성군지회,김흥2리,42977,달성군 옥포로 113길 74,
달성군지회,김흥1리,42977,달성군 김흥길 66,
달성군지회,본리4리,42970,달성군 비슬로 447길 11,
달성군지회,본리3리,42970,달성군 본리로 102,
달성군지회,본리2리,42970,달성군 대방길 5,
달성군지회,본리1리,42970,대구광역시 달성군 옥포읍 본리로16길 5,
달성군지회,옥포면분회,42972,달성군 비슬로 458길 6-2,
달성군지회,기곡1리못안,42901,달성군 기곡3길 35-14,
달성군지회,기곡2리상당,42901,달성군 기곡1길 96,
달성군지회,기곡1리터개월,42901,달성군 터개월길 29,
달성군지회,기곡1리,42901,달성군 기곡3길 8,
달성군지회,묘2리안곡,42902,달성군 하빈로 87길 93,
달성군지회,묘2리,42900,달성군 묘동2길 19-1,
달성군지회,묘1리,42900,달성군 육신사길 26,
달성군지회,무등2리,42901,달성군 하빈로 120길 94,
달성군지회,무등1리,42901,달성군 하빈로 140길 52,
달성군지회,감문2리,42903,달성군 하빈로 24길 73-1,
달성군지회,감문1리,42904,달성군 하빈로 52길 19,
달성군지회,하산2리너울터,42900,달성군 하산2길 37,
달성군지회,하산2리수무지,42900,대구광역시 달성군 하빈면 하산길 2 대구광역시 달성군 하빈면 하산길 2,
달성군지회,하산1리,42901,달성군 하목정길 52,
달성군지회,대평2리모산,42901,달성군 하빈로 172길 40,
달성군지회,대평2리두천,42901,달성군 하빈로 171-40,
달성군지회,대평1리,42901,달성군 하빈로 888,
달성군지회,동곡2리,42903,달성군 달구벌대로 35길 16,
달성군지회,동곡1리,42904,달성군 하빈남로 37길 26-3,
달성군지회,현내3리,42902,달성군 하빈로 402-5,
달성군지회,현내2리,42902,달성군 하빈로 90길 5,
달성군지회,현내1리,42902,달성군 하빈로 533,
달성군지회,봉촌1리수무실,42904,달성군 봉촌2길 19,
달성군지회,봉촌2리,42905,달성군 하빈남로 77길 4,
달성군지회,봉촌1리한실,42904,달성군 봉촌1길 4,
달성군지회,봉촌1리,42905,달성군 하빈남로 52길 58,
달성군지회,하빈면분회,42902,달성군 하빈로 84길 23,
달성군지회,우록2리,42940,달성군 우록길 461,
달성군지회,우록1리,42940,달성군 우록길 255,
달성군지회,삼산리,42940,달성군 녹문길 24,
달성군지회,삼산수점,42940,달성군 가창로 58길 12,
달성군지회,옥분정안,42939,달성군 가창로 75길 6,
달성군지회,옥분리,42939,달성군 가창로 440,
달성군지회,단산신서,42939,달성군 단산1길 8,
달성군지회,단산리,42939,달성군 단산길 97-3,
달성군지회,상원가재골,42939,달성군 가창로 126길 112-1,
달성군지회,상원1리,42937,달성군 가창로 126길 182,
달성군지회,주2리중주리,42939,달성군 주리1길 136,
달성군지회,주2리,42939,달성군 주리2길 124,
달성군지회,주1리,42939,달성군 주리길 14,
달성군지회,대일2리,42938,달성군 원정길 183-3,
달성군지회,대일1리,42939,달성군 가창로 126길 3,
달성군지회,행정2리,42937,달성군 가창면 흥덕길 24,
달성군지회,행정1리,42937,달성군 가창동로 122-18,
달성군지회,냉천2리,42938,달성군 가창동로 1길 22,
달성군지회,냉천1리,42938,달성군 가창로 761,
달성군지회,정대2리,42931,달성군 헐티로 2길 2,
달성군지회,정대매계,42931,달성군 헐티로 180-2,
달성군지회,정대1리,42931,달성군 헐티로 498,
달성군지회,오2리,42932,달성군 헐티로 11길 90,
달성군지회,오1리,42932,달성군 헐티로 10길 27,
달성군지회,용계7리,42935,달성군 가창로 216길 55,
달성군지회,용계6리,42935,달성군 가창로 216길 25,
달성군지회,용계5리,42936,달성군 가창로 1008,
달성군지회,"용계1,2리",42934,달성군 가창로 22길 2,
달성군지회,가창면분회,42934,달성군 가창로 220길 2,
달성군지회,부곡리 셋터,42906,달성군 부곡2길 7-1,
달성군지회,부곡리,42906,달성군 달구벌대로 109길 8,
달성군지회,문양1리용두골,42906,달성군 달구벌대로 77길 114,
달성군지회,문양2리서부실,42906,달성군 문양역 5길 172,
달성군지회,문양2리장귀미,42906,달성군 장귀미길 50,
달성군지회,문양2리,42906,달성군 문양역 5길 99,
달성군지회,문산리,42906,달성군 달구벌대로 92길 56,
달성군지회,세천리,42922,달성군 세천본길 18-4,
달성군지회,이천리,42907,달성군 다사로 71길 26-8,
달성군지회,박곡리,42907,달성군 다사로 109길 41,
달성군지회,달천리,42907,달성군 다사로 97길 12,
달성군지회,죽곡9리,42919,달성군 대실남로 35,
달성군지회,죽곡8리,42919,달성군 대실역남로 33,
달성군지회,죽곡7리,42490,달성군 대실역남로 93,
달성군지회,죽곡6리,42918,달성군 죽곡1길 42,
달성군지회,죽곡5리,42915,달성군 달구벌대로 812,
달성군지회,죽곡4리,42918,달성군 죽곡2길 6,
달성군지회,죽곡3리,42915,달성군 달구벌대로 842-7,
달성군지회,죽곡2리,42917,달성군 강정길 30,
달성군지회,죽곡1리,42918,달성군 달구벌대로 174길 18,
달성군지회,매곡18리,42913,달성군 대실역북로 16,
달성군지회,매곡16리,42908,달성군 매곡로 4길 9,
달성군지회,매곡15리,42909,달성군 다사역로 60,
달성군지회,매곡14리,42913,달성군 대실역북로 26,
달성군지회,매곡13리,42912,달성군 대실역북로 38,
달성군지회,매곡12리,42914,달성군 대실역북로 55,
달성군지회,매곡11리,42914,달성군 대실역북로 1길 6,
달성군지회,매곡10리,42914,달성군 왕선 26길,
달성군지회,매곡9리주공2,42908,달성군 매곡로 14길 13,
달성군지회,매곡9리,42908,달성군 매곡로 14길 13,
달성군지회,매곡8리,42915,달성군 달구벌대로 802-1,
달성군지회,매곡7리,42915,달성군 달구벌대로 786,
달성군지회,매곡6리,42915,달성군 달구벌대로 770,
달성군지회,매곡5리,42915,달성군 달구벌대로 802-1,
달성군지회,매곡4리,42915,달성군 달구벌대로 790,
달성군지회,매곡3리,42910,달성군 왕선로 49,
달성군지회,매곡연화리,42916,달성군 달구벌대로 126길 58-1,
달성군지회,매곡2리,42910,달성군 다사로 4길 1-16,
달성군지회,매곡1리,42908,달성군 매곡로 4길 6-5,
달성군지회,서재10리,42928,달성군 서재로 14길 2,
달성군지회,서재9리,42927,달성군 서재로 24길 29,
달성군지회,서재8리,42924,달성군 서재로 27길 42,
달성군지회,서재7리,42928,달성군 서재로 12길 41-16,
달성군지회,서재6리,42927,달성군 서재로 28길 39,
달성군지회,서재5리,42925,달성군 서재로 30길 7,
달성군지회,서재4리,42925,달성군 서재로 30길 17,
달성군지회,서재3리,42927,달성군 서재로 120,
달성군지회,서재2리,42927,달성군 서제로 18길 5,
달성군지회,서재1리,42923,달성군 서재본2길 3,
달성군지회,다사읍분회,42906,달성군 매곡로 12길 37,
달성군지회,남9리,42985,달성군 중앙로 22길,
달성군지회,남8리,42985,달성군 남리길 48,
달성군지회,남7리,42985,달성군 남리길 7,
달성군지회,남6리,42985,달성군 논공중앙로 22길 36,
달성군지회,남5리,42980,달성군 논공로 9길 39,
달성군지회,남4리,42980,달성군 논공로 7길 55,
달성군지회,남3리,42978,달성군 사촌길 16-5,
달성군지회,남2리,42978,달성군 논공로 7길 30-9,
달성군지회,남1리,42985,달성군 남리길 40-10,
달성군지회,북7리,42980,달성군 논공로 23길 14,
달성군지회,북6리,42986,달성군 용호로 2갈 27,
달성군지회,북5리,42980,달성군 논공로 7길 83,
달성군지회,북4리,42980,달성군 논공로 21길 15,
달성군지회,북3리,42986,달성군 용호로 6,
달성군지회,북2리,42979,달성군 논공로 15길 22,
달성군지회,북1리,42979,달성군 논공로 23길,
달성군지회,위천2리,42976,달성군 비슬로 306길 1-16,
달성군지회,위천1리,42976,달성군 위천1길 6,
달성군지회,삼리3리,42976,달성군 비슬로 326길 13,
달성군지회,삼리2리,42976,달성군 안씩실길 61-1,
달성군지회,삼리1리,42976,달성군 삼리1길 14,
달성군지회,하2리,42976,달성군 약산덧재길 218,
달성군지회,하1리,42976,달성군 약산덧재길 2,
달성군지회,상2리,42976,달성군 중동길 33,
달성군지회,상1리,42976,달성군 비슬로 262길 118,
달성군지회,금포4리,42975,달성군 비슬로 350길 58,
달성군지회,금포3리,42974,달성군 강림1길 42,
달성군지회,금포2리,42968,달성군 비슬로 359길 33,
달성군지회,금포1리,42974,달성군 세터길 23,
달성군지회,노이3리,42975,달성군 노이1길 47-1,
달성군지회,노이2리,42975,달성군 노이길 205,
달성군지회,노이1리,42975,달성군 노이길 408,
달성군지회,논공읍분회,42975,달성군 비슬로 1778,
달성군지회,본리6리,42961,달성군 성암로 25,
달성군지회,본리5리,42965,달성군 명천로 57,
달성군지회,본리4리,42964,달성군 비슬로 27-52,
달성군지회,본리3리,42964,달성군 비슬로 2674,
달성군지회,본리2리,42957,달성군 마비정길 268,
달성군지회,본리1리,42967,달성군 인흥2길 91,
달성군지회,명곡7리,42960,달성군 명천로 243,
달성군지회,명곡6리,42960,달성군 화암로 120,
달성군지회,명곡5리,42959,달성군 명곡로 30,
달성군지회,명곡4리,42960,달성군 명천로 231,
달성군지회,명곡3리,42960,달성군 명곡로 11,
달성군지회,명곡2리,42960,달성군 비슬로 508-4,
달성군지회,명곡1리,42960,달성군 명곡로 22길 12,
달성군지회,설화2리,42945,달성군 비슬로 491길 13,
달성군지회,설화1리,42945,달성군 류목정길 42,
달성군지회,성산6리,42943,달성군 사문진로 349,
달성군지회,성산5리,42946,달성군 성화로 4길 13,
달성군지회,성산4리,42946,달성군 성화로 6길 5,
달성군지회,성산3리,42941,달성군 사문진로 1길 6,
달성군지회,성산2리,42946,달성군 성천로 10길 16,
달성군지회,성산1리,42941,달성군 사문진로 319-1,
달성군지회,구라9리,42952,달성군 비슬로 539길 38,
달성군지회,구라8리,42951,달성군 비슬로 539길 35,
달성군지회,구라7리,42952,달성군 비슬로 539길 5,
달성군지회,구라6리,42952,달성군 비슬로 539,
달성군지회,구라5리,42952,달성군 비슬로 2715,
달성군지회,구라4리,42949,달성군 비슬로 2679,
달성군지회,구라3리,42942,달성군 구라1길 85,
달성군지회,구라1리,42942,달성군 구라로 산48,
달성군지회,천내16리,42954,달성군 화원로 3길 66,
달성군지회,천내15리,42947,달성군 사문진로 6길 17,
달성군지회,천내14리,42954,달성군 성천로 30길 31,
달성군지회,천내13리,42948,달성군 화원로 7길 50-21,
달성군지회,천내12리,42948,달성군 화원로 37,
달성군지회,천내11리,42949,달성군 화원로 36,
달성군지회,천내10리,42949,달성군 비슬로 525길 48,
달성군지회,천내9리,42949,달성군 화원로 26,
달성군지회,천내8리,42949,달성군 비슬로 625길 37,
달성군지회,천내7리,42953,달성군 비슬로 523길 8-12,
달성군지회,천내6리,42953,달성군 비슬로 525길 2,
달성군지회,천내5리,42953,달성군 비슬로 525길 21,
달성군지회,천내4리,42953,달성군 화원로 10,
달성군지회,천내3리,42966,달성군 명천로 19길 29-3,
달성군지회,천내2리,42962,달성군 인흥길 17-8,
달성군지회,천내1리,42961,달성군 명천로 33길 12,
달성군지회,화원읍분회,42961,달성군 명천로 171,
달서구지회,본동복지관,42746,"대구광역시 달서구 송현로 113 (송현동, 본동주공임대아파트)",
달서구지회,월성수복정,42726,"대구광역시 달서구 학산로7길 39 (월성동, 월성주공3단지아파트)",
달서구지회,성서주공3단지,42613,달서구 신당로55(복지관이 관리하고있는 경로당),
달서구지회,소나무,42739,달서구 송현동4길 31,
달서구지회,월배e편한세상,42751,달서구 월성로132(월성동),
달서구지회,능골,42698,달서구 성서동로60길16,
달서구지회,용산제2,42630,달서구 용산로205,
달서구지회,월배1차아이파크,42761,달서구 조암남로182,
달서구지회,대곡역화성파크드림위드,42765,달서구 비슬로2734,
달서구지회,가무내,42729,달서구 학산로19길55,
달서구지회,진천역AK그랑폴리스,42763,달서구 월배로11길33,
달서구지회,이안월배아파트,42759,달서구 조암남로116,
달서구지회,상인KCC스위첸,42782,달서구 월배로39길26,
달서구지회,성당동제3,42681,달서구 야외음악당로2길3,
달서구지회,진천역계룡리슈빌,42760,달서구 진천로77,
달서구지회,월성태왕아너스베스트,42778,달서구 월배로33길117,
달서구지회,월드마크,42688,달서구 와룡로169,
달서구지회,진천태왕아너스2단지,42777,달서구 상화로5길24,
달서구지회,상인푸르지오,42797,달서구 상화로235,
달서구지회,월성e편한세상,42758,달서구 조암남로10,
달서구지회,진천역대성스카이렉스,42773,달서구 월배로80,
달서구지회,월성코오롱하늘채2단지,42756,달서구 조암남로16길20,
달서구지회,학산,42732,달서구 월성로77,
달서구지회,상인화성파크드림2단지,42803,달서구 송현로7길9,
달서구지회,상인화성파크드림1단지,42802,달서구 송현로7길10,
달서구지회,신서,42608,달서구 서당로9길34-18,
달서구지회,성당두산위브,42657,달서구 당산로82,
달서구지회,월배힐스테이트,42759,달서구 조암남로132,
달서구지회,본리2차롯데캐슬,42682,달서구 대명천로119,
달서구지회,진천태왕아너스,42777,달서구 상화로5길23,
달서구지회,감삼친화,42642,달서구 당산로187,
달서구지회,상인역e편한세상,42780,달서구 월서로14,
달서구지회,성당래미안e편한세상3단지,42677,달서구 장기로127,
달서구지회,월성푸르지오,42752,달서구 조암로6길20,
달서구지회,성당래미안e편한세상1단지,42674,달서구 장기로189,
달서구지회,성당포스코더샾,42677,달서구 장기로115,
달서구지회,상인중석타운,42781,달서구 월곡로291,
달서구지회,본리롯데캐슬1차,42682,달서구 대명천로101,
달서구지회,대곡역화성파크드림,42764,달서구 달서대로41,
달서구지회,성서우방유쉘,42602,달서구 달구벌대로995,
달서구지회,성당래미안e편한세상2단지,42675,달서구 장기로145,
달서구지회,상인대성스카이렉스,42781,달서구 월배로183,
달서구지회,진천역화성파크리젠시,42763,달서구 월배로11길9-16,
달서구지회,진천트윈팰리스,42760,달서구 월배로71,
달서구지회,당산,42603,달서구 선원로15안길41,
달서구지회,상인자이,42780,달서구 상원로142,
달서구지회,성당코오롱하늘채,42658,달서구 장기로160,
달서구지회,이곡2동,42604,달서구 선원로23길77,
달서구지회,상인신일해피트리,42782,달서구 월서로31,
달서구지회,월성코오롱하늘채,42755,달서구 조암남로16길19,
달서구지회,월성자이아파트,42756,달서구 조암남로10길21,
달서구지회,태왕아너스월성아파트,42757,달서구 조암남로24,
달서구지회,유천포스코더샾,42764,달서구 달서대로67,
달서구지회,월성동삼성래미안,42779,달서구 상원로143,
달서구지회,포스코더샾,42783,달서구 월서로51,
달서구지회,늘품,42605,달서구 선원로33길79-8,
달서구지회,대남,42825,달서구 앞산순환로39안길11,
달서구지회,신당한화꿈에그린,42600,달서구 달서대로719,
달서구지회,이안진천아파트,42784,달서구 진천로18길10,
달서구지회,청구제네스,42822,달서구 월배로340,
달서구지회,대곡이오스,42765,달서구 비슬로550길38,
달서구지회,장기누림타운,42686,달서구 한들로31,
달서구지회,두류3동,42648,"달서구 야외음악당로39길54,2층",
달서구지회,장동,42700,달서구 성서공단로61길45,
달서구지회,우방드림시티,42689,달서구 장기로242,
달서구지회,삼정그린빌,42648,달서구 야외음악당로39길54,
달서구지회,두류보성맨션,42665,달서구 두류6길9,
달서구지회,삼성래미안2차아파트,42826,달서구 상화로86,
달서구지회,장기파랑새마을,42685,달서구 한들로70,
달서구지회,송현,42737,달서구 구마로52안길18,
달서구지회,동화로즈빌,42639,달서구 죽전1길82,
달서구지회,삼성래미안,42767,달서구 상화로8길23,
달서구지회,성서3차동서타운,42619,달서구 이곡공원로49,
달서구지회,용산파크타운,42625,달서구 용산로259,
달서구지회,용산청구블루빌타운,42626,달서구 용산로254,
달서구지회,사령봉,42612,달서구 달구벌대로245길17-12,
달서구지회,월촌보성화성타운,42805,달서구 송현로7길41,
달서구지회,배실,42604,달서구 선원로23남길54,
달서구지회,우방송현하이츠,42747,달서구 학산남로90,
달서구지회,삼성명가타운,42706,달서구 호산로125,
달서구지회,용산청구타운,42628,달서구 용산서로22,
달서구지회,용산보성타운,42630,달서구 용산서로37,
달서구지회,용산현대우방타운,42625,달서구 용산로253,
달서구지회,용산세광태왕2차타운,42630,달서구 용산서로9,
달서구지회,용산2차우방타운,42628,달서구 용산서로38,
달서구지회,용산영남타운,42626,달서구 용산로266,
달서구지회,삼성한국형A,42707,달서구 호산로126,
달서구지회,화성하이츠,42748,달서구 월배로245,
달서구지회,용산2차서한화성,42625,달서구 용산큰못길30,
달서구지회,용산동서우방,42630,달서구 장산로20,
달서구지회,성서주공6,42621,달서구 성지로35,
달서구지회,용산우방미진태왕타운,42630,달서구 용산서로21,
달서구지회,한마음타운,42616,달서구 선원남로151,
달서구지회,대곡청구제네스,42826,달서구 상화로90,
달서구지회,상인2동,42791,달서구 월곡로53서길70,
달서구지회,미리샘마을,42836,달서구 한실로134,
달서구지회,월성주공5,42730,달서구 구마로12길89,
달서구지회,청구그린3차,42735,달서구 구마로36길33,
달서구지회,청구그린2차,42735,달서구 구마로36길20,
달서구지회,본동,42733,달서구 와룡로4길19,
달서구지회,송현제림타운,42736,달서구 구마로52안길57,
달서구지회,송현우방,42746,달서구 송현로103,
달서구지회,구암,42740,달서구 월배로75길50-12,
달서구지회,청구그린1,42736,달서구 구마로40길21,
달서구지회,서부분회,42746,달서구 송현로161,
달서구지회,월성분회,42743,달서구 송현로16길43,
달서구지회,장관빌라,42819,달서구 중흥로68,
달서구지회,송곡,42817,달서구 앞산순환로61길14,
달서구지회,송영,42821,달서구 중흥로16길84-12,
달서구지회,송공,42822,달서구 월배로68안길43-7,
달서구지회,해맞이타운,42818,달서구 월배로420,
달서구지회,대곡강산타운,42834,달서구 도원로45,
달서구지회,대곡사계절,42833,달서구 한실로117,
달서구지회,나래마을,42827,달서구 한실로29,
달서구지회,가람마을2,42837,달서구 한실로135,
달서구지회,아람마을,42828,달서구 한실로30,
달서구지회,가람마을1,42837,달서구 한실로135,
달서구지회,한실들마을2,42832,달서구 한실로49,
달서구지회,한실들마을1,42832,달서구 한실로49,
달서구지회,별메마을,42831,달서구 도원로46,
달서구지회,산새마을,42830,달서구 도원남로40,
달서구지회,도원,42835,달서구 수밭길45-13,
달서구지회,채정,42815,달서구 월곡로130,
달서구지회,상인평광,42814,달서구 상인서로3,
달서구지회,비둘기아파트,42813,달서구 상화로373,
달서구지회,비둘기할머니,42813,달서구 상화로371,
달서구지회,장미3단지,42840,달서구 상화로370,
달서구지회,장미4단지,42840,달서구 상화로380,
달서구지회,상인제림,42814,달서구 상화북로196,
달서구지회,상인은행,42840,달서구 월곡로112,
달서구지회,월상,42788,달서구 상원로13길23-17,
달서구지회,상인동화아이위시,42795,달서구 월곡로171,
달서구지회,삼미타운,42788,달서구 월배로34길27,
달서구지회,청자,42792,달서구 상화북로117,
달서구지회,한양은하,42793,달서구 상화북로137,
달서구지회,산호타운,42793,달서구 상화북로159,
달서구지회,서한이다음레이크뷰,42839,달서구 상화로58길 35,
달서구지회,낙원,42792,달서구 월곡로45길49,
달서구지회,진천코오롱하늘채,42776,달서구 상화로65,
달서구지회,월곡,42796,달서구 상화로57안길8,
달서구지회,월평,42785,달서구 월배로42길20,
달서구지회,상인청구,42812,달서구 상인로105,
달서구지회,성지맨션,42812,달서구 상화북로195,
달서구지회,상인우방,42810,달서구 상인서로65,
달서구지회,상인서한,42811,달서구 상인서로46,
달서구지회,동화태왕한양,42808,달서구 상인서로94,
달서구지회,보성은하타운,42749,달서구 월곡로320,
달서구지회,상인동방현대,42810,달서구 상인서로85,
달서구지회,상인보성,42810,달서구 상인서로75,
달서구지회,상인동서,42811,달서구 상인서로39,
달서구지회,영남화성,42807,달서구 상인서로76,
달서구지회,송현주공3단지,42804,달서구 월배로280,
달서구지회,대곡한라하우젠트,42765,달서구 비슬로2724,
달서구지회,월촌,42806,달서구 상인서로10길42-1,
달서구지회,달맞이맨션,42770,달서구 월배로30,
달서구지회,세광그린맨션,42772,달서구 진천로7길47,
달서구지회,유천화성타운,42764,달서구 비슬로2731,
달서구지회,진천제림하나로,42772,달서구 상화로21길55,
달서구지회,현대2차,42772,달서구 월배로14길43,
달서구지회,진천,42799,달서구 상화북로46-1,
달서구지회,진천청구,42773,달서구 진천로41,
달서구지회,월배동화타운,42766,달서구 상화로24,
달서구지회,대곡우방,42769,달서구 비슬로538길22,
달서구지회,진천우방,42800,달서구 진천로4길39,
달서구지회,진천현대,42800,달서구 상화북로5길39,
달서구지회,대곡청구,42766,달서구 상화로8길26,
달서구지회,진천귀빈2차,42789,달서구 월배로32안길66,
달서구지회,대곡금강2,42769,달서구 비슬로540길14,
달서구지회,대곡금강,42769,달서구 비슬로540길38,
달서구지회,삼정브리티시용산,42688,달서구 달구벌대로1530,
달서구지회,동백만수당,42789,달서구 월배로32안길35,
달서구지회,귀빈,42789,달서구 월배로32안길61,
달서구지회,신정,42770,달서구 상화로9길81-17,
달서구지회,대곡,42829,대구광역시 달서구 한실로6길 103 (대곡동),
달서구지회,월진,42784,달서구 월배로117,
달서구지회,월배,42775,달서구 상화로7길121,
달서구지회,월성주공4,42728,달서구 구마로14남길55,
달서구지회,서한타운,42732,달서구 학산로15,
달서구지회,2차보성,42732,달서구 학산로7길27,
달서구지회,월성동서,42732,달서구 학산로7길5,
달서구지회,월성백일주공1,42726,달서구 월곡로94길30,
달서구지회,월성영남,42750,달서구 학산로2길39,
달서구지회,월성청구,42750,달서구 학산로2길24,
달서구지회,월성우방,42750,달서구 학산로2길11,
달서구지회,1차보성,42744,달서구 학산로30,
달서구지회,월성화성,42750,달서구 학산로2길27,
달서구지회,율지,42696,달서구 달구벌대로1312-8,
달서구지회,조암,42756,달서구 조암남로14안길40,
달서구지회,월배쌍용예가,42761,달서구 조암남로32길13,
달서구지회,성산,42614,달서구 서당로3길19-10,
달서구지회,와룡,42609,달서구 성서서로75길17-7,
달서구지회,오정,42609,달서구 성서서로73길57,
달서구지회,성서주공2단지,42613,달서구 신당로55,
달서구지회,삼우,42614,달서구 서당로7길33-16,
달서구지회,신당,42609,달서구 서당로12길15,
달서구지회,장기초록나라,42686,달서구 한들로55,
달서구지회,산호,42602,달서구 달구벌대로203길3,
달서구지회,이곡,42619,달서구 이곡공원로1길7,
달서구지회,한빛마을,42615,달서구 선원남로99,
달서구지회,성서무지개타운,42605,달서구 선원로171,
달서구지회,성서2차화성타운,42620,달서구 성서동로355-20,
달서구지회,성서푸른마을,42605,달서구 선원로187,
달서구지회,성서한샘타운,42615,달서구 선원남로77,
달서구지회,성서동서화성,42619,달서구 이곡공원로33,
달서구지회,이곡서한2차,42610,달서구 선원로122,
달서구지회,성서주공4,42620,달서구 성서동로355-27,
달서구지회,동서서한,42610,달서구 선원로100,
달서구지회,성서우방,42611,달서구 계대동문로123,
달서구지회,청남타운,42612,달서구 성서서로330,
달서구지회,성서보성화성,42611,달서구 계대동문로99,
달서구지회,대백창신한라,42612,달서구 성서서로316,
달서구지회,와룡타운,42620,달서구 이곡동로32,
달서구지회,성서,42696,달서구 성서로72길97-13,
달서구지회,궁전,42690,달서구 장기로227(금강아파트103호),
달서구지회,성서2차영남우방,42618,달서구 이곡공원로83,
달서구지회,성서주공8,42622,달서구 성지로42,
달서구지회,성서주공7,42622,달서구 성지로12,
달서구지회,성서주공6-1,42621,달서구 성지로35,
달서구지회,성서주공5,42616,달서구 선원남로181,
달서구지회,성서2차보성,42606,달서구 선원로241,
달서구지회,용산새동네,42617,달서구 성지로16길45,
달서구지회,성서청구타운,42618,달서구 성지로75,
달서구지회,성서1차영남우방,42621,달서구 성지로11,
달서구지회,우방죽전타운,42634,달서구 용산로160,
달서구지회,용산우방,42634,달서구 용산로174,
달서구지회,성서보람타운,42623,달서구 새동네로34,
달서구지회,성서용산,42623,달서구 성서동로350,
달서구지회,용산,42627,달서구 와룡로57길100,
달서구지회,장기동,42698,달서구 문화회관2길18,
달서구지회,서촌,42606,달서구 새방로23-16,
달서구지회,감삼농림,42641,달서구 당산로41서길22-5,
달서구지회,청학정,42640,달서구 달구벌대로323길39,
달서구지회,춘추,42631,달서구 와룡로49길18-17,
달서구지회,죽전,42638,달서구 와룡로52안길45,
달서구지회,감삼청구타운,42688,달서구 달구벌대로304길51,
달서구지회,감삼제2,42653,달서구 감삼1길96,
달서구지회,감삼제1,42651,달서구 감삼남6길41-1,
달서구지회,솔고개,42742,달서구 월배로67안길14,
달서구지회,수림원,42644,달서구 감삼길71-18,
달서구지회,구마아파트여자,42695,달서구 대명천로51길56,
달서구지회,삼리,42674,대구광역시 달서구 와룡로24길 34 (본리동),
달서구지회,장기주공아파트,42687,달서구 용산로88,
달서구지회,현대백조,42692,달서구 와룡로15길86,
달서구지회,우방아파트,42682,달서구 구마로171,
달서구지회,비스타,42690,"대구광역시 달서구 대명천로 250 (장기동, 영남 네오빌 비스타)",
달서구지회,아카시아,42683,달서구 대명천로153,
달서구지회,죽전그린빌,42627,달서구 와룡로53길40,
달서구지회,영남네오빌파크,42685,달서구 한들로36,
달서구지회,호림,42708,달서구 호산동로35길42-10,
달서구지회,금봉,42649,달서구 야외음악당로39서길91-10,
달서구지회,신촌,42661,달서구 밤골4길17,
달서구지회,대성,42659,달서구 야외음악당로49길49,
달서구지회,신호,42660,달서구 야외음악당로47길158,
달서구지회,두류1동,42664,달서구 두류남6길16,
달서구지회,상이군경회달서,42681,달서구 야외음악당로2길25,
달서구지회,용산1차서한화성,42630,달서구 장산로10,
달서구지회,원화,42654,달서구 장기로26길81,
달서구지회,성당동제2,42678,달서구 야외음악당로9길45,
달서구지회,라일락,42657,달서구 장기로26길30,
달서구지회,롯데캐슬레이크,42839,달서구 상화로58길86,
달서구지회,용산롯데캐슬그랜드,42637,달서구 장산남로33,
달서구지회,성당,42671,달서구 장기로10안길15,
달서구지회,성당에덴타운,42669,달서구 성당로33길16,
달서구지회,성당동제1,42679,달서구 대명천로12안길47,
달서구지회,삼성,42669,달서구 성당로33안길23,
수성구지회,시지한신휴플러스,42273,"대구광역시 수성구 달구벌대로669길 50 시지한신휴플러스) (사월동, 시지한신휴플러스)",
수성구지회,매호 청구하이츠빌,42267,"대구광역시 수성구 천을로23길 26 매호 청구하이츠 (매호동, 매호 청구하이츠)",
수성구지회,매호2차 동서타운,42271,"대구광역시 수성구 달구벌대로641길 8 매호2차동서아파트) (매호동, 매호2차동서아파트)",
수성구지회,고산2동 이천,42250,대구광역시 수성구 달구벌대로574길 192-1 (이천동),
수성구지회,범물1동청구타운,42199,"대구광역시 수성구 지범로39길 12 범물청구아파트) (범물동, 범물청구아파트)",
수성구지회,지산2동보성맨션,42207,"대구광역시 수성구 지범로22길 10 지산보성맨션 (지산동, 지산보성맨션)",
수성구지회,대림e편한세상,42002,"대구광역시 수성구 들안로73길 50-7 수성대림 e-편한세상 (수성동4가, 수성대림 e-편한세상)",
수성구지회,수성제2,42121,대구광역시 수성구 달구벌대로456길 11 수성동1가) (수성동1가),
수성구지회,만촌2차 우방타운,42072,"대구광역시 수성구 교학로11길 91 만촌2차우방타운) (만촌동, 만촌2차우방타운)",
수성구지회,범어4동 제2,42092,대구광역시 수성구 청호로85길 46 (범어동) (범어동),
수성구지회,신매역우방유쉘,42267,수성구 천을로 23길 21,
수성구지회,신매효성백년가약,42272,수성구 달구벌대로 3233,
수성구지회,한일유앤아이,42266,수성구 고산로 162,
수성구지회,시지2차태왕하이츠,42269,수성구 천을로 170,
수성구지회,시지우방하이츠,42270,수성구 645길 22,
수성구지회,시지2차서한타운,42265,수성구 천을로 31길 8,
수성구지회,사월보성,42270,수성구 욱수천로 133,
수성구지회,신매우방,42270,수성구 달구벌대로 651길 33,
수성구지회,노변대백맨션,42251,수성구 노변로 11,
수성구지회,노변,42256,수성구 노변로 77,
수성구지회,대흥,42250,수성구 월드컵로 6길 54,
수성구지회,노변다숲,42259,수성구 노변공원로 34,
수성구지회,연호,42250,수성구 범안로 91길 70,
수성구지회,제림은탑,42261,수성구 천을로 49,
수성구지회,고산농협,42251,수성구 달구벌대로 3032,
수성구지회,고산노변타운,42259,수성구 시지로 55,
수성구지회,신매,42280,수성구 욱수천로 78,
수성구지회,매호화성파크드림,42269,수성구 달구벌대로 641길 31,
수성구지회,사월,42272,수성구 달구벌대로 3321-4,
수성구지회,시지1차태왕하이츠,42271,수성구 달구벌대로 647길 16,
수성구지회,시지두레타운,42267,수성구 천을로 131,
수성구지회,하나타운,42268,수성구 고산로 123,
수성구지회,시지,42262,수성구 달구벌대로 619길 2,
수성구지회,시지대백,42262,수성구 달구벌대로 625길 22,
수성구지회,매호,42265,수성구 천을로 31길 40,
수성구지회,매호동서타운,42269,수성구 천을로 180,
수성구지회,성동,42264,수성구 성동로 166,
수성구지회,청구전원타운,42254,수성구 시지로 45,
수성구지회,수성월드메르디앙,42258,수성구 노변로 55,
수성구지회,보국웰리치시지,42281,수성구 욱수천로 55,
수성구지회,태성맨션,42286,수성구 신매동 581,
수성구지회,신화빌라트,42276,수성구 달구벌대로 650길 29,
수성구지회,태왕월드하이츠,42282,수성구 욱수천로 77,
수성구지회,시지동서타운,42286,수성구 신매로 41,
수성구지회,시지태왕리더스,42273,수성구 달구벌대로 669길 70,
수성구지회,팔현,42260,수성구 팔현길 88-5,
수성구지회,시지동화아이위시,42273,수성구 달구벌대로 669길 20,
수성구지회,시지효성백년가약1,42278,수성구 달구벌대로 3280-1,
수성구지회,매호공원,42267,수성구 천을로 23길 5,
수성구지회,시지푸르지오,42272,수성구 달구벌대로 661길 7,
수성구지회,시지보성서한타운,42287,수성구 신매로 21,
수성구지회,시지아이프라임,42254,수성구 달구벌대로 3110,
수성구지회,시지두성타운,42286,수성구 고산로 30,
수성구지회,신매공원,42283,수성구 달구벌대로 650길 59-6,
수성구지회,에덴맨션,42286,수성구 고산로 12길 34,
수성구지회,시지태왕아너스,42261,수성구 천을로 91,
수성구지회,노변동서우방타운,42255,수성구 노변공원로 22,
수성구지회,은세계,42262,수성구 달구벌대로 3081,
수성구지회,하연지,42250,수성구 달구벌대로 576길 50,
수성구지회,시지월드메르디앙,42262,수성구 천을로 70,
수성구지회,가천,42260,수성구 고모로 24길 25,
수성구지회,시지청솔타운,42285,수성구 고산로 70,
수성구지회,고모,42260,수성구 고모로 39길 20,
수성구지회,매호효성백년가약,42267,수성구 천을로 23길 31,
수성구지회,누리타운,42269,수성구 달구벌대로 637길 21,
수성구지회,욱수,42282,수성구 욱수천로 15,
수성구지회,창신대백신화,42285,수성구 고산로 90,
수성구지회,천마타운,42284,수성구 신매로 71,
수성구지회,사월화성파크드림2단지,42279,수성구 달구벌대로 3304-1,
수성구지회,사월화성파크드림3단지,42278,수성구 달구벌대로 3304-2,
수성구지회,시지효성백년가약2단지,42278,수성구 달구벌대로 3280-1,
수성구지회,삼주한라협화,42274,수성구 신매로 91,
수성구지회,태왕하이츠,42281,수성구 욱수천로 77,
수성구지회,시지대성유니드,49199,수성구 달구벌대로 669길 80,
수성구지회,노변청구타운,42253,수성구 시지로 21,
수성구지회,시지신매보성타운,42271,수성구 달구벌대로 651길 23,
수성구지회,매호협화,42265,수성구 천을로 181,
수성구지회,시지태왕레전트,42282,수성구 욱수천로 27,
수성구지회,청림맨션,42247,수성구 지범로 54길 15,
수성구지회,범물공원,42210,수성구 지범로 232,
수성구지회,범물용지,42200,수성구 범안로 77,
수성구지회,범물용지2단지,42200,수성구 범안로 79,
수성구지회,범물1동,42241,수성구 범안로 16길 46,
수성구지회,범물서한화성,42210,수성구 지범로 40길 11,
수성구지회,범물동서,42242,수성구 범안로 40,
수성구지회,우방미진하이츠,42248,수성구 지범로 290,
수성구지회,보성송정타운,42245,수성구 지범로 46길 43,
수성구지회,범물맨션,42209,수성구 용학로 272,
수성구지회,범물신화맨션,42209,수성구 지범로 40길 6,
수성구지회,범물청아맨션,42242,수성구 범안로 40,
수성구지회,범물두성타운,42248,수성구 지범로 300,
수성구지회,범물삼주타운,42244,수성구 범안로 8길 35,
수성구지회,범물2동,42246,수성구 지범로 48길 14-1,
수성구지회,범물에덴,42209,수성구 지범로 40길 6,
수성구지회,범물보성맨션,42198,수성구 용학로 316,
수성구지회,범물영남타운,42198,수성구 용학로 316,
수성구지회,범물보성타운,42199,수성구 지범로 39길 56,
수성구지회,범물하이츠,42191,수성구 용학로 336,
수성구지회,지산2동,42216,수성구 용학로 33길 17-16,
수성구지회,지산현대맨션,42214,수성구 지범로 22길 20,
수성구지회,지산에덴,42214,수성구 용학로 223,
수성구지회,지산화성맨션,42206,수성구 용학로 32길 65,
수성구지회,지산시영2단지,42215,수성구 지산로 51,
수성구지회,호반송학,42221,수성구 용학로 46길 40,
수성구지회,지산우방타운,42207,수성구 지산로 32,
수성구지회,지산녹원맨션,42183,수성구 무학로 189,
수성구지회,지산동서맨션,42194,수성구 지산로 51,
수성구지회,수동,42193,수성구 지범로 31안길 3-14,
수성구지회,지산시영4단지,42192,수성구 용학로 313,
수성구지회,지산시영3단지,42197,수성구 용학로 303,
수성구지회,지산1동지산,42189,수성구 지산로 11길 6-19,
수성구지회,지산보성맨션,42195,수성구 지범로 21길 3,
수성구지회,지산대우로얄하이츠,42218,수성구 용학로 36길 20,
수성구지회,지산무학,42177,대구광역시 수성구 청수로38길 53-11 (지산동),
수성구지회,지산협화맨션,4221,수성구 지범로 22길 23,
수성구지회,지산한라타운,42208,수성구 지범로 22길 9,
수성구지회,지산영남맨션,42206,수성구 지산로 31,
수성구지회,지산시영5단지,42192,"대구광역시 수성구 용학로 325 용학로325 (지산동, 지산5단지아파트)",
수성구지회,새마을,42186,수성구 무학로 31길 23,
수성구지회,지산동서무학,42190,수성구 지산로 14길 83,
수성구지회,지산목련,42220,수성구 청호로 340,
수성구지회,지산청산맨션,42194,수성구 지범로 21길 15,
수성구지회,지산청구타운,42195,수성구 지산로 48,
수성구지회,대우트럼프월드수성,42171,수성구 동대구로 59,
수성구지회,수성sk리더스뷰,42170,수성구 동대구로 95,
수성구지회,두산,42173,수성구 들안로 8길 68-5,
수성구지회,두산동제1,42187,수성구 지범로 21-11,
수성구지회,동신실리안,42223,"대구광역시 수성구 파동로 209 (파동, 실리안)",
수성구지회,파동태왕리더스,42228,수성구 파동로 105,
수성구지회,파동화성파크뷰,42237,수성구 파동로 19,
수성구지회,수성못코오롱하늘채,42225,수성구 파동로 222,
수성구지회,대자연2차,42235,수성구 파동로 84,
수성구지회,대자연1차,42232,수성구 파동로 120,
수성구지회,송원맨션,42223,수성구 파동로 223,
수성구지회,파동청구하이츠,42238,수성구 파동로 12길 40,
수성구지회,파동제2,42236,"대구광역시 수성구 파동로18길 56 (파동, 제림가든빌라)",
수성구지회,파동제1,42230,수성구 파동로 38길 45-13,
수성구지회,덕화,42168,수성구 들안로 9길 56,
수성구지회,상동제2,42165,수성구 수성로 15길 42-6,
수성구지회,정화우방팔레스,42157,수성구 수성로 135,
수성구지회,상동한들,42161,수성구 수성로 32길 99,
수성구지회,상동청구타운,42165,수성구 수성로 19-41,
수성구지회,서울중동,42152,수성구 신천동로 216,
수성구지회,상동동일하이빌,42166,수성구 수성로 71,
수성구지회,상동공원,42162,수성구 수성구 들안로13길 118,
수성구지회,중동광명,42156,수성구 수성로 165,
수성구지회,중부리,42150,수성구 수성구 희망로 114-1,
수성구지회,중동상록수,42151,수성구 들안로 29길 26-18,
수성구지회,중동제1,42152,수성구 수성로 39안길 5,
수성구지회,캐슬골드5단지,42178,"대구광역시 수성구 청수로 214 (황금동, 캐슬골드파크5단지)",
수성구지회,황금2동제2,42143,수성구 들안로 40안길 7-20,
수성구지회,황금2동제1,42145,수성구 희망로 36길 32,
수성구지회,황금미진,42141,수성구 청솔로 12길 40,
수성구지회,황금종합복지관,42112,수성구 청수로 45길 41,
수성구지회,캐슬골드4단지,42114,수성구 청수로 261,
수성구지회,캐슬골드3단지,42113,수성구 청수로 257,
수성구지회,캐슬골드1단지,42112,수성구 청수로 213,
수성구지회,우방신천지타운,42171,수성구 청호로46길 16,
수성구지회,수성태영데시앙,42016,수성구 들안로 360,
수성구지회,미수,42001,수성구 들안로81길 29,
수성구지회,유성푸르나임,42122,수성구 수성로 75길 16,
수성구지회,수성대백인터빌,42122,수성구 수성로 69길 14,
수성구지회,참마음,42132,수성구 수성로 60길 45-1,
수성구지회,한마음,42138,수성구 들안로 52길 35-1,
수성구지회,범어삼환나우빌,42017,수성구 범어천로 197,
수성구지회,수성영남타워,42128,수성구 달구벌대로 456길 43,
수성구지회,수성우방팔레스,42006,수성구 수성로 400,
수성구지회,수성화성쌍용,42003,수성구 수성로 41,
수성구지회,신천,42003,수성구 신천동로 88길 1-15,
수성구지회,수성1가그린타운,42122,수성구 달구벌대로 458길17,
수성구지회,수성삼우1차,42121,수성구 달구벌대로 456-9,
수성구지회,수성서한이다음,42126,수성구 수성로 69길 15,
수성구지회,우방사랑마을,42006,수성구 달구벌대로2317,
수성구지회,열린,42125,수성구 수성로 70길 11-1,
수성구지회,태왕하이츠리버뷰,42129,수성구 달구벌대로 454길 9,
수성구지회,우방오성타운,42129,수성구 신천동로 380,
수성구지회,수성4가,42017,수성구 범어천로 151,
수성구지회,한가람타운,42130,수성구 수성구명덕로 368,
수성구지회,신세계타운,42130,수성구 신천동로 320,
수성구지회,수성4가롯데캐슬,42006,수성구 달구벌대로 2315,
수성구지회,수성코오롱하늘채,42119,수성구 들안로 300,
수성구지회,수성3가롯데캐슬,42119,수성구 명덕로 455,
수성구지회,수성룸바드,42123,수성구 들안로 325,
수성구지회,수성1가제1,42136,수성구 수성로 53길 50-4,
수성구지회,수성동양엘레브,42128,수성구 명덕로 73길 40,
수성구지회,수성보성타운,42004,수성구 수성로 412,
수성구지회,만촌지장,42060,수성구 무열로 65-1,
수성구지회,만촌2동,42058,수성구 동원로 6길 50-13,
수성구지회,만촌태왕리더스,42060,수성구 무열로 47,
수성구지회,만촌우방하이츠,42039,수성구 화랑로 26,
수성구지회,만촌3우방1차,40659,수성구 교학로 11길 46,
수성구지회,만촌화성파크스위트,42064,수성구 화랑로 34길 141,
수성구지회,만촌보성타운,42032,수성구 수성구 공경로 70-0,
수성구지회,만촌1동제1,42035,수성구 만촌로 24길 37-20,
수성구지회,메트로팔레스3단지,42041,수성구 동원로 110,
수성구지회,메트로팔레스1단지,42046,수성구 동원로 135,
수성구지회,메트로팔레스2단지,42040,수성구 동원로 123,
수성구지회,럭키골든맨션,42063,수성구 효행로 24길,
수성구지회,샘골,42046,수성구 공경로 2길21,
수성구지회,메트로팔레스5단지,42038,수성구 동원로 100,
수성구지회,느지,42063,수성구 화랑로 40길 46,
수성구지회,만촌3동제1,42068,수성구 달구벌대로 526길 6,
수성구지회,만촌e편한세상,42078,수성구 달구벌대로 522길33,
수성구지회,두리봉,42069,수성구 달구벌대로 530길 92,
수성구지회,각계,42075,수성구 달구벌대로 530길 146,
수성구지회,만촌산장맨션,42076,수성구 교학로 111,
수성구지회,만촌우방팔레스,42071,수성구 청수로 551,
수성구지회,범어1동제1,42100,수성구 동대구로 54길 7,
수성구지회,범어2동제2,42021,수성구 동대구로 80길 73-3,
수성구지회,범어궁전,42099,수성구 동대구로 274,
수성구지회,레미안수성,42011,수성구 상록로 69,
수성구지회,청구성조,42011,수성구 국채보상로 846,
수성구지회,범어우방유쉘,42013,수성구 동대구로 345,
수성구지회,범어장원맨션,42082,수성구 청호로 370,
수성구지회,범어서한두레맨션,42105,수성구 달구벌대로 496길 72,
수성구지회,범어청구하이츠,42083,수성구 청호로84안길 2,
수성구지회,범어유신,42081,수성구 청호로 88안길 29-3,
수성구지회,범어쌍용예가,42116,수성구 명덕로 477,
수성구지회,범어유림노르웨이,42101,수성구 동대구로 50길 37,
수성구지회,범어2동제1,42023,수성구 동원로 11길 14,
수성구지회,범어목련,42082,수성구 청호로 340,
수성구지회,범어3동제1,42015,수성구 들안로 78길 46,
수성구지회,두산위비더제니스,42028,수성구 달구벌대로 2435,
수성구지회,범어아진,42109,수성구 동대구로 38-80,
수성구지회,범어태왕아너스,42014,수성구 상록로 41,
수성구지회,범어월드메르디앙,42015,수성구 범어천로 200,
수성구지회,태왕유성하이빌,42101,수성구 동대구로 250,
수성구지회,범우우방2차,42104,수성구 동대구로 48길 33,
수성구지회,범어청구푸른마을,42102,수성구 동대구로 240,
수성구지회,범어화성파크드림,42018,수성구 범어천로 180,
수성구지회,범어4동제1,42092,수성구 청호로 85길 46,
수성구지회,범어우방1차,42103,수성구 동대구로 230,
수성구지회,범어가든3차,42107,수성구 청호로 365,
수성구지회,범어sk뷰,42094,수성구 범어로 73,
수성구지회,범어1동제2,42139,수성구 청솔로 16길 13-3,
북구지회,노본,41407,북구 노본길 12,
북구지회,칠곡7주공아파트,41417,북구 학남로 60,
북구지회,청아람아파트,41415,북구 학정로110-29,
북구지회,한라하우젠트,41417,북구 학남로 10,
북구지회,학수,41416,북구 학남로 35,
북구지회,학정,41405,북구 학정로109길 16,
북구지회,도남2동,41405,북구 도남길 148-15,
북구지회,도남1동,41408,북구 도남길 264,
북구지회,동호,41407,북구 동호길 72-13,
북구지회,남문고을,41418,북구 구리로34길 57,
북구지회,현대아파트,41435,북구 대천로7길 26,
북구지회,그린빌6단지,41420,북구 학정동로 10,
북구지회,그린빌5단지,41420,북구 학남로 100,
북구지회,그린빌1단지,41418,북구 구리로 250,
북구지회,부영1단지,41420,북구 학정동로7,
북구지회,국우,41408,북구 도남길 48,
북구지회,동천,41430,북구 팔거천동로26길19-8,
북구지회,네스빌아파트,41421,북구 동천동155,
북구지회,우방하이츠,41421,북구 구리로 26,
북구지회,영남네오빌아트,41426,북구 동천로 97,
북구지회,화성센트럴파크,41430,북구 대천로 100,
북구지회,부영e-그린아파트,41426,북구 동천로24길12,
북구지회,동화골든빌,41421,북구 동천로 156,
북구지회,화성3차,41427,북구 대천로 101,
북구지회,화성2차아파트,41431,북구 동천로 6,
북구지회,영남2차,41431,북구 팔거천동로24길 40,
북구지회,보성2차,41431,북구 팔거천동로104,
북구지회,들말,41430,북구 대천로18길 8,
북구지회,신락,41440,북구 관음중앙로25길25,
북구지회,SD아이프라임아파트,41403,북구 칠곡중앙대로125길 7,
북구지회,e-편한세상아파트,41402,북구 칠곡중앙대로 598,
북구지회,산호한양아파트,41435,북구 대천로7길 40,
북구지회,한서아파트,41401,북구 동암로7길39,
북구지회,우방2차아파트,41403,북구 중앙대로115길 24,
북구지회,보성3차아파트,41401,북구 칠곡중앙대로126길 7-12,
북구지회,한양코스모스아파트,41437,북구 구암로21길 66,
북구지회,보성아파트,41437,북구 구암로21길 26,
북구지회,공작한양아파트,41437,북구 구암로 21길 38,
북구지회,제일맨션,41438,북구 칠곡중앙대로 454,
북구지회,럭키아파트,41435,북구 팔거천로 181,
북구지회,현대아파트,41435,북구 대천로7길 26,
북구지회,목화아파트,41436,북구 대천로9길15,
북구지회,목련아파트,41438,북구 구암로15길 38,
북구지회,말산,41439,북구 관음중앙로29길 5-18,
북구지회,읍내2동,41434,북구 칠곡중앙대로526,
북구지회,대동,41436,북구 대천로9길 7,
북구지회,중앙,41433,북구 칠곡중앙대로114길 10,
북구지회,교동,41401,북구 칠곡중아대로126길 21-6,
북구지회,시호정,41401,북구 동암로7길 83 1층,
북구지회,죽림부인,41401,북구 동암로7길 83,
북구지회,청암타운,41442,북구 관음동로 128,
북구지회,동화훼미리,41443,북구 칠곡중앙대로95길 11,
북구지회,동화타운,41443,북구 칠곡중앙대로95길 12,
북구지회,서한맨션,41447,북구 관음중앙로 6,
북구지회,수정한양아파트,41446,북구 구암로 17,
북구지회,한신아파트,41446,북구 관음로 50,
북구지회,한라타운,41445,북구 칠곡중앙대로91길 58,
북구지회,관음,41444,북구 관음동로17길 25,
북구지회,함지,41432,북구 구암로39길6-12,
북구지회,부영7단지,41429,북구 구암로49길 24,
북구지회,부영6단지,41429,북구 구암로49길 24,
북구지회,부영5단지,41429,북구 대천로 132,
북구지회,부영3단지,41428,북구 구암서로7,
북구지회,화성그랜드파크,41425,북구 구암로65길9,
북구지회,건영아파트,41464,북구 구암로32길,
북구지회,그린빌4단지,41428,북구 구암서로 22,
북구지회,그린빌3단지,41425,북구 구암서로 41,
북구지회,그린빌2단지,41424,북구 구암서로 70,
북구지회,신구암,41465,북구 태암로18길12,
북구지회,서한3차아파트,41463,북구 구암로32길 14,
북구지회,한라2차아파트,41464,북구 구암로170,
북구지회,동서영남아파트,41614,북구 구암로180,
북구지회,구명,41473,북구 학정로42길 28,
북구지회,구암제2,41473,북구 구암로42길 14,
북구지회,청구아파트,41464,북구 학정로271,
북구지회,구암제1,41472,북구 구암로54길 5,
북구지회,동서아파트,41463,북구 구암로32길 22,
북구지회,미래아파트,41462,북구 팔거천동로 52,
북구지회,금빛아파트,41463,북구 팔거천동로 70,
북구지회,남영네오하이츠,41467,북구 칠곡중앙대로 46길 12,
북구지회,샛별,41461,북구 팔거천서로 25-36,
북구지회,태복,41468,북구 학정로 11-14,
북구지회,휴먼시아1단지,41470,북구 매전로73,
북구지회,두성3차아파트,41455,북구 태전로13길 22,
북구지회,에덴아파트,41460,북구 구암로22길 14,
북구지회,강북화성파크드림,41462,북구 칠곡중앙대로312,
북구지회,우방3차아파트,41484,북구 학정로 126,
북구지회,우방미진아파트,41466,북구 칠곡중앙대로52길 46,
북구지회,태전2동,41469,북구 학정로111-18,
북구지회,중석아파트,41468,북구 학정로7길 3,
북구지회,두성파크아파트,41469,북구 학정로13길 16,
북구지회,삼성아파트,41467,북구 칠곡중앙대로 52길 20,
북구지회,현대아파트,41460,북구 구암로16길 7,
북구지회,전원아파트,41467,북구 칠곡중앙대로46길 25,
북구지회,새마을,41460,북구 태암로5길 16,
북구지회,한신중앙아파트,41450,북구 영송로 85,
북구지회,한라아파트,41456,북구 태전로7길13,
북구지회,롯데아파트,41450,북구 구암로12,
북구지회,2차화성파크드림와이드,41456,북구 태전로3길24,
북구지회,수평,41544,북구 태전로13길42,
북구지회,은마아파트,41456,북구 태전로51,
북구지회,한일아파트,41458,북구 칠곡중앙대로5길32,
북구지회,금정,41452,북구 칠곡중앙대로69길,
북구지회,두성1차아파트,41456,북구 태천로7길10-17,
북구지회,관음타운,41450,북구 영송로63,
북구지회,우방아파트,41459,북구 매천로220,
북구지회,두전,41451,북구 칠곡중앙대로77길 5-3,
북구지회,협화아파트,41459,북구 칠곡중앙대로51길6,
북구지회,대백2차아파트,41450,북구 관음로18,
북구지회,대백1차아파트,41450,북구 관음로24,
북구지회,태전1동,41456,북구 태전로7길10-24,
북구지회,천년나무5단지,41493,북구 내곡로69,
북구지회,천년나무8단지,41492,북구 내곡로15,
북구지회,브라운스톤강북,41492,북구 내곡로89,
북구지회,노곡제3,41481,북구 노곡로23-2,
북구지회,노곡제2,41482,북구 부엉길28-4,
북구지회,노곡제1,41481,북구 노곡로23-2,
북구지회,천년나무1단지,41492,북구 한강로55,
북구지회,문주,41491,북구 문주길11,
북구지회,화성파크드림,41582,북구 매전로17,
북구지회,휴먼시아2단지,41470,북구 매전로73,
북구지회,삼우그린아파트,41483,북구 매천로8길35,
북구지회,청구장미아파트,41483,북구 칠곡중앙대로45,
북구지회,매천,41485,북구 매천로17길17,
북구지회,매남,41485,북구 매천로37길43,
북구지회,두산위브2001,41489,북구 매천로2길19,
북구지회,대백인터빌아파트,41482,북구 작원길25,
북구지회,작원,41482,북구 작원길2,
북구지회,팔달,41490,북구 장태실길33,
북구지회,동화타운,41556,북구 오봉로39,
북구지회,공단,41498,북구 3공단14길18-7,
북구지회,노원3가2동,41495,북구 노원로23길16-1,
북구지회,노원3가1동,41557,북구 팔달로27길124,
북구지회,보성타운,41558,북구 오봉로3길47,
북구지회,"노원1,2가동",41556,북구 노원로16길88,
북구지회,노원1가동,41589,북구 원대로25길19,
북구지회,조야동,41478,북구 조야로49,
북구지회,연경동,41409,북구 도덕길175,
북구지회,유선수촌2단지,41414,북구 동변로24길14,
북구지회,유선수촌1단지,41414,북구 동변로50,
북구지회,동서변그린빌,41414,북구 동변로55,
북구지회,동변동 부인,41412,북구 동변로24길14,
북구지회,동변동 남자,41412,북구 동변로24길14,
북구지회,고촌,41480,북구 고촌길157-3,
북구지회,월드메르디앙,41476,북구 서변로26,
북구지회,리벤빌아파트,41475,북구 서변로106,
북구지회,청아람아파트,41474,북구 호국로57길20,
북구지회,이곡,41410,북구 이곡길115,
북구지회,영남네오빌블루,41475,북구 서변로120,
북구지회,동서리치모아,41475,북구 서변로88,
북구지회,화성리버파크2단지,41476,북구 서변로50,
북구지회,화성리버파트1단지,41475,북구 서변로72,
북구지회,서변,41477,북구 환성정길17-1,
북구지회,유성청구 여,41514,북구 검단로 115,
북구지회,유성청구 남,41514,북구 검단로 115,
북구지회,대현LH3단지,41575,북구 대현남로6길 20,
북구지회,민들레아파트,41511,북구 검단로255,
북구지회,검단동 부인,41511,북구 검단동로4길13-50,
북구지회,검단동,41511,북구 검단동로4길13-50,
북구지회,휴먼시아2단지,41573,북구 대현남로25,
북구지회,e-편한세상아파트,41573,북구 대현로10길82,
북구지회,뜨란채아파트,41574,북구 대현남로28,
북구지회,대현3동,41571,북구 신천동로668-7,
북구지회,감밭,41570,북구 대현남로8길5,
북구지회,대현2동,41572,북구 신천동로146길9,
북구지회,신화맨션,41570,북구 경대로5길 25,
북구지회,대현1동 제2,41567,북구 대현로서15길50-7,
북구지회,대현1동,41569,북구 대현로17길7,
북구지회,영진,41529,북구 복현로3-6,
북구지회,푸르지오아파트,41531,북구 동북로345,
북구지회,명문세가아파트,41527,북구 복현로71,
북구지회,고최골,41522,북구 복현로20길 65-6,
북구지회,소라아파트,41522,북구 복현로104-11,
북구지회,태왕아너스,41525,북구 복현로105,
북구지회,화성타운,41523,북구 복현로173,
북구지회,건영아파트,41524,북구 검단로24,
북구지회,서한2차아파트,41521,북구 공항로15길8,
북구지회,우방아파트,41528,북구 공항로84,
북구지회,현대아파트,41525,북구 복현로115,
북구지회,한라아파트,41525,북구 공항로5길 6,
북구지회,봉우,41527,북구 복현로37,
북구지회,동서성화아파트,41522,북구 복현로114-18,
북구지회,대백아파트,41524,북구 복현로 137,
북구지회,청구아파트,41524,북구 검단로34,
북구지회,보성아파트(복현),41523,북구 검단로64,
북구지회,큰마을,41522,북구 공항로15길15-24,
북구지회,장미아파트,41525,북구 공항로31,
북구지회,서한아파트,41523,북구 검단로50,
북구지회,광명아파트,41530,북구 동북로65길13,
북구지회,동진아파트,41562,북구 동북로50길10,
북구지회,들샘,41563,북구 경진로4길25-1,
북구지회,복현1동,41565,북구 경대로23길25-5,
북구지회,수도산,41534,북구 연암공원로149,
북구지회,청구아파트,41543,북구 체육관로4길2,
북구지회,장수,41543,북구 체육관로10길22-1,
북구지회,연암,41534,북구 연암공원로32길64-3,
북구지회,버드나무골,41536,북구 대동로10길 9,
북구지회,수산,41535,북구 산격로 106-4,
북구지회,산격3동,41544,북구 산격로30,
북구지회,양우내안애아파트,41519,북구 동북로131,
북구지회,문화,41520,북구 동북로37길9-17,
북구지회,백세,41519,북구 동북로149-3,
북구지회,대불,41520,북구 대불로11-1,
북구지회,거평아파트,41506,북구 유통단지로3길7,
북구지회,대우아파트,41519,북구 동북로163,
북구지회,수정아파트,41517,북구 대불로5길16,
북구지회,신기,41517,북구 대불서길53-9,
북구지회,산격2동,41502,북구 호국로21-26,
북구지회,에덴아파트,41517,북구 동북로37길58-17,
북구지회,금오아파트,41539,북구 연암로25길11,
북구지회,매잠,41533,북구 연암로36길 8-1,
북구지회,제3,41532,북구 연암로33길 12-1,
북구지회,복지회관,41532,북구 연암로183,
북구지회,산격1동,41540,북구 연암로86,
북구지회,서당골,41537,북구 연암공원로 60,
북구지회,쌍용예가,41550,북구 성북로9길12,
북구지회,침산매트로,41590,북구 침산남로90,
북구지회,태왕리더스,41590,북구 침산남로80,
북구지회,푸르지오3차,41592,북구 침산남로130,
북구지회,명성푸르지오,41559,북구 침산로 153,
북구지회,침산3동제2,41549,북구 침산로48길10,
북구지회,동아무지개2차,41592,북구 침산로21길 10,
북구지회,동아무지개1차,41591,북구 침산로21길24,
북구지회,우국,41591,북구 옥산로17길50,
북구지회,침산3동,41560,북구 성북로5길30,
북구지회,청구2차아파트,41559,북구 침산남로19길8,
북구지회,선학아파트,41559,북구 성북로50,
북구지회,동서타운,41591,북구 침산남로 116,
북구지회,현대아파트,41559,북구 침산로163,
북구지회,청구아파트,41559,북구 침산남로 19길 9,
북구지회,일심,41559,북구 성북로8,
북구지회,쌍용아파트,41591,북구 침산로21길 36,
북구지회,한우아파트,41577,북구 중앙대로118길33,
북구지회,삼정그린코아,41578,북구 중아대로570,
북구지회,코오롱하늘채2단지,41584,북구 중앙대로591,
북구지회,코오롱하늘채1단지,41584,북구 침산로22길 31,
북구지회,롯데캐슬오페라,41584,북구 침산남로160,
북구지회,한라스카이빌,41584,북구 침산로22길5,
북구지회,건영하이츠,41560,북구 침산로158,
북구지회,화성2차아파트,41561,북구 침산남로37길24,
북구지회,화성1차아파트,41561,북구 침산남로37길5,
북구지회,옥산남자,41577,북구 칠성시장로25길15,
북구지회,옥산부인,41577,북구 침산남로44길7-3,
북구지회,옥석타운,41560,북구 침산남로31길11,
북구지회,침산2동,41560,북구 침산로32길 20-10,
북구지회,남영,41545,북구 침산남로7길167,
북구지회,진목,41500,북구 노원로37길1-4,
북구지회,침산동화타운,41552,북구 침산남로7길50-21,
북구지회,백사벌,41545,북구 노원로 48길 10 B/103,
북구지회,오봉,41546,북구 오봉로22-45,
북구지회,침산1동,41551,북구 침산남로서9길 6-4,
북구지회,오페라코오롱하늘,41579,북구 중앙대로540,
북구지회,칠성휴먼시아,41587,북구 칠성남로101,
북구지회,삼성시장,41583,북구 칠성시장로 42,
북구지회,열린,41586,북구 칠성로25-12,
북구지회,푸르지오1차,41593,북구 옥산로103,
북구지회,칠성우방맨션,41586,북구 중앙대로105길22,
북구지회,성광우방,41586,북구 호암로20,
북구지회,삼성아파트,41586,북구 호암로 40,
북구지회,북성,41588,북구 칠성남로20길22-2,
북구지회,칠성,41580,북구 칠성남로29길 11,
북구지회,칠성2가2동,41578,북구 공평로 179-6,
북구지회,칠성1가동,41582,북구 칠성시장로1길 60-3,
북구지회,장수,41594,북구 칠성남로 41-8,
북구지회,고성아파트,41596,북구 고성북로 3,
북구지회,"고성2,3가",41596,북구 고성북로 35-13,
남구지회,대현,42499,남구 앞산순환로63길 74-5,
남구지회,대명11동,42496,남구 대명역6길 48,
남구지회,개나리맨션,42474,남구 두류공원로5길 42-8,
남구지회,명성,42481,남구 대명로 117,
남구지회,파크맨션,42475,남구 대명복개로 230,
남구지회,대명10동,42476,남구 도촌길 150,
남구지회,청록타운,42453,남구 큰골길 198,
남구지회,대명9동,42488,남구 큰골길 53,
남구지회,코스모스,42483,남구 대명로 10길 6,
남구지회,뉴코스모스,42483,남구 대명로 42,
남구지회,곡내,42483,남구 대명서7길 106,
남구지회,대복,42484,남구 대명로20길 28,
남구지회,대우,42492,남구 안지랑로7길 14-3,
남구지회,기로회,42449,남구 대명로49길 77,
남구지회,명오당,42449,남구 대명로58길 11,
남구지회,대명4동,42458,남구 대경5길 101-2,
남구지회,일심,42459,남구 성명공원길 49,
남구지회,대덕,42413,남구 삼각지5길 17,
남구지회,명동,42407,남구 성당로48길 68,
남구지회,대명3동,42400,남구 명덕로10길 27-1,
남구지회,영선,42424,남구 중앙대로50길 40,
남구지회,대명8동,42424,남구 영선시장1길 85-1,
남구지회,명덕,42410,남구 명덕로38길 51,
남구지회,동아대덕,42464,남구 현충서길 29,
남구지회,앵두마을,42468,남구 두류공원로12길 17-25,
남구지회,정우,42467,남구 현충로25길 71,
남구지회,무궁화,42465,남구 현충로23길 23,
남구지회,대명1동,42470,남구 장전2길 5,
남구지회,태성맨션,42505,남구 효서2길 7,
남구지회,상신,42515,남구 효성3길 20,
남구지회,보성아파트,42508,남구 삼정2길 99,
남구지회,대덕2차,42509,남구 앞산순환로 655,
남구지회,대덕효도정,42509,남구 앞산순환로 657,
남구지회,미리내,42509,남구 효성로 15,
남구지회,목련,42445,남구 봉덕로6길 35-22,
남구지회,봉삼,42508,남구 삼정4길 89,
남구지회,래미안웰리,42513,남구 효성중앙길 82,
남구지회,앞산힐스테,42511,남구 대덕로 166,
남구지회,고산골,42503,남구 용두길 89-1,
남구지회,효성아파트,42514,남구 효성중앙길 37,
남구지회,신협,42403,남구 앞산순환로 728,
남구지회,남부,42442,남구 이천로10길 50,
남구지회,봉덕2동,42511,남구 대덕로38길 46-1,
남구지회,효성백년가약,42440,남구 봉덕로 135,
남구지회,강변코오롱,42443,남구 봉덕로 134,
남구지회,동심,42438,남구 이천로 64-1,
남구지회,봉명,42426,남구 중앙대로34길 75,
남구지회,봉덕1동,42437,남구 희망로3길 11-2,
남구지회,이천뜨란채,42435,남구 대봉로26길 37,
남구지회,월드메르,42427,남구 이천로19길 68,
남구지회,대성유니드,42437,남구 희망로5길 12,
남구지회,주공2단지,42435,남구 희망로 55,
남구지회,주공1단지,42434,남구 명덕로68길 77,
남구지회,강변타운,42434,남구 명덕로68길 19,
남구지회,대동,42433,남구 대봉로36길 17,
남구지회,화수,42431,남구 이천로28길 42-43,
남구지회,상아,42422,남구 명덕로 236,
남구지회,이천1동,42423,남구 이천로 143-6,
서구지회,금류아파트,41728,서구 서구 원대로13길2,
서구지회,원대3가제2,41716,서구 서구 팔달로46길4-2,
서구지회,원대3가제1,41729,서구 서구 고성로21길6,
서구지회,원대1.2가제2,41733,서구 서구 달서천로86길6-10,
서구지회,원대1.2가제1,41732,서구 서구 달서천로405-3,
서구지회,롯데캐슬,41760,서구 서구 국채보상로34길12,
서구지회,중리상록,41836,서구 서구 국채보상로36길16-2,
서구지회,중리일송,41846,서구 서구 당산로53길110-4,
서구지회,중리시영1차,41838,서구 서구 당산로324,
서구지회,진달래2차,41836,서구 서구 국채보상로38길22,
서구지회,중리,41843,서구 서구 와룡로70길66,
서구지회,두견화,41839,서구 서구 국채보상로36길42,
서구지회,꽃동네,41838,서구 서구 평리로221,
서구지회,중리시영2차,41836,서구 서구 국채보상로38길32,
서구지회,이현,41757,서구 서구 북비산로104-8,
서구지회,상리2동,41750,서구 서구 가르뱅이로63-24,
서구지회,상리1동,41751,서구 서구 새방로27길4,
서구지회,새동네,41749,서구 서구 북비산로31길11-28,
서구지회,복지,41761,서구 서구 문화로39길21,
서구지회,평리6동,41760,서구 서구 당산로86길5-8,
서구지회,광명,41761,서구 서구 문화로37길6,
서구지회,평리푸르지오,41827,서구 서구 국채보상로50길20,
서구지회,평리청구,41840,서구 서구 서대구로77,
서구지회,평리장수,41840,서구 서구 평리로73길11-15,
서구지회,평광,41830,서구 서구 국채보상로50길42-37,
서구지회,청수,41826,서구 서구 국채보상로52길27-35,
서구지회,만수,41832,서구 서구 평리로57길15,
서구지회,서안,41737,서구 서구 북비산로229-4,
서구지회,평안,41771,서구 서구 서대구로42길47-15,
서구지회,새마을,41774,서구 서구 서대구로36길5-16,
서구지회,평리,41771,서구 서구 서대구로42길67-1,
서구지회,평리롯데캐슬,41814,서구 서구 국채보상로316,
서구지회,평원,41819,서구 서구 국채보상로66길38-8,
서구지회,서부,41833,서구 서구 국채보상로36-6,
서구지회,평리2동,41819,서구 서구 국채보상로60길35-9,
서구지회,평산,41778,서구 서구 통학로40길37-2,
서구지회,신도,41783,서구 서구 문화로313-14,
서구지회,들마을,41787,서구 서구 통학로30길5-15,
서구지회,비산7동제2,41722,서구 서구 서대구로346-2,
서구지회,성우,41709,서구 서구 서대구로63안길30-22,
서구지회,비산7동제1,41722,서구 서구 달서천로41길12,
서구지회,비산6동제2,41790,서구 서구 달서로27길13-1,
서구지회,비산6동,41780,서구 서구 문화로69길26-16,
서구지회,비산5동제2,41718,서구 서구 달서천로61길2-6,
서구지회,비산5동제1,41715,서구 서구 서대구로68길60-9,
서구지회,비산우방,41816,서구 서구 통학로24길60,
서구지회,일구,41823,서구 서구 평리로85길15,
서구지회,동흔,41809,서구 서구 국채보상로76길34,
서구지회,상록,41808,서구 서구 달서로18길42-3,
서구지회,한신플러스,41816,서구 서구 달서로17길,
서구지회,모범,41801,서구 서구 달서로26길35-8,
서구지회,달성,41802,서구 서구 달성공원로13-14,
서구지회,인동촌,41795,서구 서구 북비산로74-17,
서구지회,비룡,41736,서구 서구북비산로75길2-3,
서구지회,거창,41741,서구 서구북비산로61길43-5,
서구지회,비산1동,41741,서구 서구 통학로52길30,
서구지회,만수정,41742,서구 서구 북비산로61길34,
서구지회,원상,41738,서구 서구 통학로49길30-27,
서구지회,당산,41744,서구 서구 달서로39길24,
서구지회,웰빙,41850,서구 서구 서대구로7길46,
서구지회,동화타운,41855,서구 서구 달구벌대로337길29,
서구지회,코오롱,41848,서구 서구 당산로260,
서구지회,내우,41847,서구 서구 당산로51길28-5,
서구지회,내당4동,41856,서구 서구 서대구로3길43,
서구지회,삼익뉴타운,41848,서구 서구 평리로236,
서구지회,명우,41848,서구 서구 평리로214길,
서구지회,광장타운,41856,서구 서구 달구벌대로1707,
서구지회,삼익맨션,41834,서구 서구서대구로25길,
서구지회,천일,41871,서구 서구 달구벌대로373길2-26,
서구지회,내당,41868,서구 서구 평리로408-13,
서구지회,내당2동,41807,서구 서구 큰장로15길14-20,
서구지회,내당장수,41810,서구 서구 큰장로9길9-3,
서구지회,삼화,41871,서구 서구 달구벌대로373길,
서구지회,홍실2차,46861,서구 서구 통학로39(내당동),
서구지회,황성정,41867,서구 서구 통학로46(내당동),
서구지회,홍실1차,41862,서구 서대구로8길49(내당동),
서구지회,시영내당,41859,서구 서대구로8길15(내당동),
서구지회,내서,46861,서구 달구벌대로361길35-29(내당동),
동구지회,태정,41007,동구 팔공산로 1166,
동구지회,옥정,41012,동구 내동로67,
동구지회,진인2동,41015,동구 인산로67,
동구지회,팔공보성3차A,41002,동구 파계로71,
동구지회,태왕그린힐즈A,41005,동구 파계로46,
동구지회,화성명산A,41002,동구 파계로22길 7,
동구지회,왕산우방A,41005,동구 파계로6길 30,
동구지회,팔공보성1차A,41005,동구 팔공로 489,
동구지회,팔공보성2차A,41005,동구 팔공로101길 55,
동구지회,지묘2,41002,동구 파계로 19길 11,
동구지회,지묘1동,41002,동구 파계로 16길 29,
동구지회,중대2동,41001,동구 파계로 558-4,
동구지회,중대1동,41001,동구 파계로116길 39,
동구지회,신용2,41001,동구 파계로120길 63,
동구지회,송정1동,41000,동구 팔공산로 375,
동구지회,송정2동(당정),41000,동구 팔공산로 23길 76,
동구지회,덕곡,41000,동구 서촌로 23길 37-1,
동구지회,신용1,41001,동구 용진길 143,
동구지회,능성,41016,동구 지경길 21,
동구지회,도학2동(도장),41007,동구 도장길 69-6,
동구지회,구암,41013,동구 구암길 48,
동구지회,진인1동(진정),41008,동구 갓바위로 12길 35,
동구지회,용수,41006,동구 용천로 282,
동구지회,신무,41006,동구 용천로 399,
동구지회,백안,41009,동구 팔공로 207길 47,
동구지회,미대,41011,동구 팔공로 817,
동구지회,미곡,41010,동구 용천로 38-7,
동구지회,도학1동,41007,동구 팔공산로 1467,
동구지회,내동,41012,동구 내동로 6길 77-15,
동구지회,안심역우방아이유쉘,41092,동구 금강로 21길 10,
동구지회,신서혁신LH이노힐즈,41071,동구 메디밸리로35,
동구지회,신서행복주택천년나무10단지,41072,동구 메디밸리로18,
동구지회,성지아파트,41073,동구 반야월북로 155,
동구지회,혁신LH천년나무13.14단지,41070,동구 초례로 66,
동구지회,대구혁신LH천년나무6단지,41066,동구 과학로23,
동구지회,혁신LH천년나무3단지,41063,동구 각산동1043번지,
동구지회,신서화성파크드림,41074,동구 반야월북로221,
동구지회,신서퀸덤아파트,41075,동구 신서로 72,
동구지회,각산푸르지오2단지,41073,동구 경안로 822,
동구지회,각산태영데시앙,41127,동구 반야월북로 123,
동구지회,내곡,41060,동구 노실길 142,
동구지회,신일해피트리,41084,동구 반야월로 370,
동구지회,롯데캐슬레전드,41083,동구 안심로73길 22,
동구지회,상록아이투빌,41086,동구 동호로47,
동구지회,중부,41077,동구 동내로6,
동구지회,금강,41095,동구 금강로 235,
동구지회,숙천,41060,동구 숙천로 2길 13-5,
동구지회,송정,41092,동구 안심로 90길 17-1,
동구지회,영조아름다운나날2단지A,41090,동구 동호로 88,
동구지회,영조아름다운나날3단지A,41089,동구 동호로 132,
동구지회,영조아름다운나날1단지A,41088,동구 안심로 402,
동구지회,신서그린빌,41075,동구 반야월북로 251,
동구지회,동화해오름타운A,41087,"동구 동호로 89, 204호",
동구지회,대경넥스빌A,41087,동구 안심로 400,
동구지회,신서청구A,41075,동구 반야월북로55길 19,
동구지회,녹원맨션,41075,동구 반야월북로 269,
동구지회,금강진우금탑A,41073,동구 반야월북로 175,
동구지회,안심효성A,41126,동구 대구시 동구 경안로 809,
동구지회,서호할머니,41113,동구 안심로43길 20,
동구지회,서호1,41113,동구 안심로41길 50-10,
동구지회,서호제2,41117,동구 안심로51길 14,
동구지회,동호,41111,동구 반야월로 220-1,
동구지회,용호,41166,동구 화랑로93길 23-1,
동구지회,율암,41125,동구 반야월북로12길 32,
동구지회,용계타운A,41129,동구 반야월로6길 20,
동구지회,강변동서마을A,41149,동구 화랑로100길 17,
동구지회,용계2,41149,동구 화랑로108길 19,
동구지회,용계1,41124,동구 용계로3길 16,
동구지회,백자맨션A,41166,동구 동촌로 346,
동구지회,매여,41058,동구 매여로8길 41,
동구지회,율하우방아이유쉘,41151,동구 금호강변로3길 22,
동구지회,세계육상선수촌2단지,41106,동구 안심로 16길71,
동구지회,세계육상선수촌1단지,41107,동구 율하서로 85(안심1동),
동구지회,율하휴먼시아12단지,41105,동구 금호강변로 315,
동구지회,율하휴먼시아9단지,41104,동구 안심로22길 76,
동구지회,율하휴먼시아11단지,41104,동구 율하동로 19,
동구지회,율하휴먼시아10단지,41103,동구 율하동로 8길 16,
동구지회,율하휴먼시아15단지,41151,동구 금호강변로 3길 9,
동구지회,SM안아주A,41098,동구 안심로 16길 29,
동구지회,휴먼시아7단지A,41099,동구 안심로 22길 55,
동구지회,율하휴먼시아6단지A,41098,동구 안심로 16길 45,
동구지회,율하휴먼시아5단지A,41097,동구 율하서로 59,
동구지회,율하안심주공4단지,41099,동구 율하동로 73,
동구지회,율하뜨란채,41099,동구 율하동로 67,
동구지회,율하(안심1동),41119,동구 반야월로 22길 20-2,
동구지회,안심화성A,41116,동구 율하동로 20길 20,
동구지회,천일맨션,41115,동구 율하동로 24길 14,
동구지회,신기,41114,동구 반야월로 28길 49-3,
동구지회,모란3차A,41115,동구 율하동로 20길 31,
동구지회,모란2차A,41116,동구 율하동로 20길 30,
동구지회,모란1차A,41116,동구 율하동로 20길 40,
동구지회,보성동원타운,41115,동구 안심로 41길 21,
동구지회,신덕,41123,동구 신덕로 5길 50,
동구지회,신평,41132,동구 신평로 16길 57-13,
동구지회,월천,41056,동구 부동길 45,
동구지회,부동,41056,동구 부동길 183,
동구지회,명당,41055,동구 옻골로 38,
동구지회,대암(둔산),41054,동구 둔산로 328,
동구지회,상동,41055,동구 옻골로 20길 31,
동구지회,둔산,41057,동구 둔산로 51길 140,
동구지회,방촌제5,41135,동구 방촌로 1길 138-6,
동구지회,방촌제3,41136,동구 방촌로 1길 102,
동구지회,방촌제2,41057,동구 둔산로 45길 12-1,
동구지회,동명,41164,동구 동촌로 58길 20,
동구지회,무궁화A,41160,동구 동촌로 222,
동구지회,방촌청구타운,41160,동구 화랑로 73길 36,
동구지회,영남네오빌1차,41159,동구 동촌로 190,
동구지회,방촌현대A,41165,동구 화랑로 91길 7,
동구지회,영남네오빌2차A,41161,동구 동촌로 42길 63,
동구지회,우방강촌2차,41148,동구 화랑로 80길 9,
동구지회,방촌우방맨션A,41163,동구 화랑로 407,
동구지회,보성강남A,41148,동구 화랑로 88길 30,
동구지회,방촌제1,41160,동구 동촌로 46길 40,
동구지회,우방강촌마을1차 A,41147,동구 화랑로 80길 8,
동구지회,강변2차A,41164,동구 동촌로 56길 36,
동구지회,강변1차A,41163,동구 동촌로 54길 13,
동구지회,입석제2,41139,동구 입석로3길 14-1,
동구지회,금사리하이빌,41158,동구 해동로 254,
동구지회,문화A,41155,동구 동촌로 14길 14,
동구지회,검사제2,41138,동구 방촌로 1길 19,
동구지회,검사제1,41155,동구 해동로 178,
동구지회,동촌화성타운A,41154,동구 동촌로 6길 3,
동구지회,입석동,41142,동구 동촌로 1길 26,
동구지회,제림햇빛촌A,41049,동구 공항로 52길 28,
동구지회,부민스위트빌,41043,동구 해동로 2길 37,
동구지회,지저팔공A,41050,동구 해동로 54,
동구지회,지저,41043,동구 해동로 2길 34,
동구지회,공항,41046,동구 공항로 51길 12-4,
동구지회,강산A,41045,동구 해동로 5길 23,
동구지회,이시아폴리스더샾4차,41024,동구 팔공로 53길 40,
동구지회,이시아폴리스더샾3차,41025,동구 팔공로 51길 10,
동구지회,이시아폴리스더샾2차,41022,동구 팔공로 274,
동구지회,이시아폴리스더샾1차,41023,동구 팔공로53길 10,
동구지회,봉무,41019,동구 팔공로 333-12,
동구지회,에덴공항2차A,41029,동구 팔공로 33길 10,
동구지회,제림빌리지A,41042,동구 해동로 6길 37,
동구지회,불로강변타운A,41041,동구 방천로 3길 30,
동구지회,해서,41030,동구 팔공로34길 1-2,
동구지회,에덴공항A,41034,동구 팔공로 29길 10,
동구지회,불로제1,41041,동구 방천로 2길 6,
동구지회,불로우방A,41041,동구 대구시 동구 공항로 150,
동구지회,불로,41038,동구 팔공로 23길 15,
동구지회,봉무청구새들,41020,동구 팔공로 322-5,
동구지회,향산,41017,동구 도평로 51길 10,
동구지회,에덴공항3차A,41036,동구 팔공로 26길 49,
동구지회,도동제2,41036,동구 팔공로 26길 46,
동구지회,도동제1(도평동제1),41032,동구 도평로 121,
동구지회,평광,41018,동구 도평로 116길 18-3,
동구지회,태왕메트로시티A,41231,동구 동북로 500,
동구지회,소목골,41234,동구 효신로 8길 48,
동구지회,효목제일,41238,동구 화랑로 19길 97,
동구지회,새마을,41241,동구 화랑로 27길 24,
동구지회,강나루타운A,41170,동구 효동로 108,
동구지회,진로이스트타운 1차,41168,동구 아양로 218,
동구지회,효일(효목1),41170,동구 효동로 114-1,
동구지회,효목,41176,동구 화랑로 41길 14,
동구지회,회관,41173,동구 아양로50길 50-1,
동구지회,코스모스A,41247,동구 화랑로 11길 26,
동구지회,신천4동 제2,41248,동구 동부로 32길 47-11,
동구지회,신천화성파크,41259,동구 송라로10길 34,
동구지회,신천청아람,41257,동구 송라로 14길 132,
동구지회,동양상가A,41261,동구 장등로 12,
동구지회,동대구삼환나우빌,41227,동구 동부로 81,
동구지회,신천3동 제1,41254,동구 송라로 12길 5-1,
동구지회,신천3동 제2,41259,동구 송라로 28-5,
동구지회,신천3동 제3,41226,동구 송라로 16길 38-3,
동구지회,신천휴먼시아6단지,41265,동구 송라로11길 39,
동구지회,신천휴먼시아5단지,41265,동구 동부로 26,
동구지회,신천동서맨션,41267,동구 국채보상로155길8(신천동),
동구지회,신천주공그린빌3단지,41266,"동구 동부로 20,",
동구지회,신천,41269,동구 송라로 7길 10,
동구지회,신천LH(신천1주공A),41263,동구 동부로 1,
동구지회,송라,41263,동구 동부로3길 38,
동구지회,신천2주공A,41266,동구 국채보상로 155길 54,
동구지회,우방푸른타운,41267,동구 국채보상로 159길41,
동구지회,신일,41268,동구 국채보상로 165길 3-1,
동구지회,동신우방A,41266,동구 송라로 11길 86,
동구지회,청기와A,41186,동구 아양로 49길 20,전임회장 사임으로 인하여 회장임기기간:2020년2월20일~2024년2월19일까지
동구지회,동서1차(할머니),41185,동구 아양로 39길 16,
동구지회,신암5동,41184,동구 동북로 83길 25-2,
동구지회,동서2차A,41185,동구 아양로 39길 20,
동구지회,동서1차A(할아버지),41185,동구 아양로 39길 16,
동구지회,금호정,41182,동구 아양로 49길 77,
동구지회,진로이스트타운2차,41220,동구 동북로 460,
동구지회,에스디아이프라임A,41225,동구 아양로 24길 13,
동구지회,성동,41224,동구 아양로34길 18-3,
동구지회,신암보성1차A,41193,동구 큰고개로 23,
동구지회,금오,41193,동구 아양로11길 65,
동구지회,경로회관,41189,동구 아양로 27길 29-13,
동구지회,신암건영캐스빌,41214,동구 신암남로 50,
동구지회,신암3,41207,동구 아양로 8길 10-1,
동구지회,신천자이,41203,동구 신암로 16길 25,
동구지회,신암청아람,41201,동구 신암로 20길 39,
동구지회,신천가람타운A,41204,동구 신암로 16길 33,
동구지회,신암그린타운A,41204,동구 신성로30,
동구지회,신암2,41202,동구 신성로 113-3,
동구지회,강남A,41201,동구 신성로 60,
동구지회,신암1동뜨란채A,41197,동구 아양로7길 12,
동구지회,평화,41198,동구 아양로65-76,
동구지회,안평,41196,동구 평화로 20-20,
동구지회,새터,41190,동구 경대로 72,
동구지회,신암제일(제1),41194,동구 아양로 11길 36-5,
동구지회,신암1,41190,동구 신암북로 7길 37,
중구지회,대봉태왕아너스,41954,"대구광역시 중구 동덕로 55 (대봉동, 대봉태왕아너스)",
중구지회,대신자이,41929,"대구광역시 중구 달구벌대로 1955 (대신동, 대신센트럴자이)",
중구지회,효성해링턴플레이스,41961,중구 중앙대로 66길20(남산동),
중구지회,화성파크드림,41956,중구 명덕로 55길25(대봉동),
중구지회,건들바위,41962,중구 명륜로26안길 19(대봉동),
중구지회,대봉2동,41955,중구 대봉로43안길 30-169(대봉동),
중구지회,센트로팰리스,41950,중구 대봉로260,
중구지회,대봉1동,41951,중구 달구벌대로 440길27(대봉1동),
중구지회,청운,41954,"중구 동덕로339대봉동,청운아파트내)",
중구지회,남산휴먼시아2단지,41974,중구 달구벌대로 1960(남산동),
중구지회,남산휴먼시아1단지,41974,중구 달구벌대로 1970(남산동),
중구지회,남산그린타운,41974,중구 달구벌대로1950(남산동),
중구지회,보성황실,41978,중구 남산로13길17(남산동),
중구지회,까치아파트,41977,중구 남산로7길 80(남산동),
중구지회,남산복지관,41977,중구 남산로7길80(남산동),
중구지회,남산4동,41976,중구 남산로3안길 11(남산동),
중구지회,극동스타클래스남산,41971,"중구 남산로30,104-1101(남산동)",
중구지회,보성송림,41970,중구 남산로4길 91(남산동),
중구지회,남산3동,41972,중구 남산로6안길 27-57(남산동),
중구지회,반월당삼정그린코아,41967,"대구광역시 중구 중앙대로67길 10 (남산동, 반월당삼정그린코아아파트)",
중구지회,대남,41965,중구 명륜로6길5(남산동),
중구지회,남산2동,41964,중구 달구벌대로 2016-11(남산동),
중구지회,남문,41968,중구 2.28길 10-16(남산동),
중구지회,남산1동,41963,중구 중앙대로 62길 30-3(남산동),
중구지회,태왕아너스,41927,중구 달구벌대로 1975(대신동),
중구지회,일신,41925,중구 국채보상로 93길 31-1(대신동),
중구지회,대신서문,41927,중구 큰장로24안길 31-6(대신동),
중구지회,서성동,41921,중구 서성로15길 27-1,
중구지회,달성동,41922,중구 달성로21길44-13(달성동),
중구지회,신성미소시티,41933,중구 달구벌대로2051(계산동2가),
중구지회,동산동,41931,중구 달구벌대로 401길 20-17,
중구지회,북성동,41919,중구 서성로 14길 51-18(북내동),
중구지회,남성동,41933,중구 약령길 33-10(계산동2가),
중구지회,봉산뜨란채,41958,중구 봉산문화길 69(봉산동),
중구지회,77태평,41903,"중구 태평로205, 77태평아파트",
중구지회,동성동,41910,중구 교동길 79-6(교동),
중구지회,라이프태평아파트,41903,중구 태평로177(태평로1가),
중구지회,봉산동,41958,중구 봉산문화길 1-4(봉산동),
중구지회,삼덕청아람,41945,중구 달구벌대로 447길77,
중구지회,삼덕1.2가,41940,중구 공평로4길25(삼덕동2가),
중구지회,삼덕3가,41948,중구 달구벌대로 443길 44-40(삼덕동3가),
중구지회,동인삼정그린,41945,중구 동덕로30길 53,
중구지회,동인3가,41906,중구 동덕로 38길85(동인동3가),
중구지회,동인시티,41911,"중구 국채보상로 131길55(동인동1가,동인시티타운)",
중구지회,동인4가,41946,중구 국채보상로 142길 33-41(동인동4가),
중구지회,동인1.2가,41908,중구 국채보상로679-13,
